Date,Store,Sales,Customers,Open,Promo,StateHoliday,SchoolHoliday,StoreType,Assortment,CompetitionDistance,Promo2,PromoInterval,DayOfWeek,Month,Year,WeekOfYear,Sales_Lag1,Sales_MA7,SARIMAX_Pred
2022-01-07,1,4953,591,1,0,0,1,0,0,3204,0,-1,4,1,2022,1,5131.0,5025.0,17.097354908514777
2022-01-07,1,5023,649,1,1,0,0,1,2,2551,1,2,4,1,2022,1,4953.0,5015.571428571428,4926.66665691677
2022-01-08,1,5031,587,1,0,3,0,2,0,2167,0,-1,5,1,2022,1,5023.0,5017.428571428572,5023.062465901948
2022-01-09,1,4985,561,1,1,0,0,3,2,660,0,-1,6,1,2022,1,5031.0,5013.714285714285,5030.436852318135
2022-01-09,1,5094,603,1,0,0,0,3,2,1350,1,-1,6,1,2022,1,4985.0,5035.142857142857,4985.763332879093
2022-01-13,1,5101,625,1,1,0,0,0,2,3993,1,0,3,1,2022,2,5094.0,5045.428571428572,5092.904798482727
2022-01-13,1,4946,580,1,0,0,0,2,1,810,0,2,3,1,2022,2,5101.0,5019.0,5101.484161092691
2022-01-13,1,4938,618,1,0,0,0,0,2,1040,0,1,3,1,2022,2,4946.0,5016.857142857143,8212.633730060958
2022-01-14,1,5010,614,1,0,0,0,0,0,2657,0,2,4,1,2022,2,4938.0,5015.0,5045.577240394809
2022-01-14,1,5052,621,1,0,0,0,3,2,723,1,0,4,1,2022,2,5010.0,5018.0,5017.949176430839
2022-01-14,1,4946,636,1,0,0,0,3,1,1020,0,-1,4,1,2022,2,5052.0,5012.428571428572,4990.226567005526
2022-01-14,1,5014,594,1,0,0,0,2,0,3658,1,1,4,1,2022,2,4946.0,5001.0,5082.523908938646
2022-01-15,1,4993,580,1,0,0,0,0,0,4770,0,0,5,1,2022,2,5014.0,4985.571428571428,5072.26724933384
2022-01-16,1,4939,592,1,0,0,0,2,1,2335,1,1,6,1,2022,2,4993.0,4984.571428571428,4891.661530442247
2022-01-16,1,4941,594,1,0,0,1,3,0,2086,0,0,6,1,2022,2,4939.0,4985.0,4958.797428104573
2022-01-17,1,4966,614,1,0,1,0,3,0,541,0,-1,0,1,2022,3,4941.0,4978.714285714285,4989.313704284994
2022-01-17,1,5005,618,1,1,0,0,2,0,1555,0,-1,0,1,2022,3,4966.0,4972.0,5006.04875857687
2022-01-17,1,5032,579,1,0,0,0,2,0,2385,1,-1,0,1,2022,3,5005.0,4984.285714285715,4931.273442247368
2022-01-18,1,5061,592,1,1,0,0,0,2,1664,0,-1,1,1,2022,3,5032.0,4991.0,5037.107008813075
2022-01-19,1,5154,640,1,0,2,0,3,0,1870,0,0,2,1,2022,3,5061.0,5014.0,5035.245972922031
2022-01-20,1,4870,566,1,0,0,0,0,2,3012,1,-1,3,1,2022,3,5154.0,5004.142857142857,4942.099235438836
2022-01-21,1,5029,630,1,0,0,0,0,1,4142,0,-1,4,1,2022,3,4870.0,5016.714285714285,4947.2585062219705
2022-01-22,1,5038,592,1,0,0,0,3,0,2610,0,1,5,1,2022,3,5029.0,5027.0,5016.354359839056
2022-01-22,1,5002,581,1,1,0,0,0,2,4092,0,2,5,1,2022,3,5038.0,5026.571428571428,5049.573409027881
2022-01-22,1,4914,577,1,1,0,0,1,1,1893,0,-1,5,1,2022,3,5002.0,5009.714285714285,4999.928738009558
2022-01-26,1,4929,569,1,0,0,0,0,1,2417,0,2,2,1,2022,4,4914.0,4990.857142857143,5058.206177958329
2022-01-26,1,4994,535,1,0,0,0,3,1,1460,0,2,2,1,2022,4,4929.0,4968.0,5067.951277600066
2022-01-26,1,5001,608,1,0,1,0,3,0,792,0,-1,2,1,2022,4,4994.0,4986.714285714285,4894.803990889713
2022-01-26,1,5018,565,1,1,0,1,2,2,4402,0,2,2,1,2022,4,5001.0,4985.142857142857,4980.633179559504
2022-01-27,1,5027,641,1,0,0,0,0,0,3596,0,0,3,1,2022,4,5018.0,4983.571428571428,5004.092742300287
2022-01-28,1,4975,608,1,0,0,1,2,2,4833,0,2,4,1,2022,4,5027.0,4979.714285714285,5038.50957522778
2022-01-30,1,5035,551,1,0,3,1,1,1,4189,0,-1,6,1,2022,4,4975.0,4997.0,4979.241548449207
2022-01-31,1,4974,572,1,0,0,0,0,1,4364,0,-1,0,1,2022,5,5035.0,5003.428571428572,5022.721937557081
2022-02-02,1,5043,626,1,1,0,0,0,0,2475,0,1,2,2,2022,5,4974.0,5010.428571428572,5053.593614730731
2022-02-02,1,5148,625,1,1,0,0,1,0,1398,0,1,2,2,2022,5,5043.0,5031.428571428572,4926.5360975321755
2022-02-03,1,4922,614,1,0,0,0,1,0,3006,0,0,3,2,2022,5,5148.0,5017.714285714285,4991.307344343501
2022-02-03,1,4926,602,1,0,0,0,1,1,1084,0,0,3,2,2022,5,4922.0,5003.285714285715,5020.690128512004
2022-02-04,1,4936,573,1,0,0,0,0,2,4548,0,-1,4,2,2022,5,4926.0,4997.714285714285,5009.661919051849
2022-02-05,1,4995,615,1,0,0,0,3,1,2779,0,0,5,2,2022,5,4936.0,4992.0,4970.881968148323
2022-02-05,1,5028,604,1,0,1,0,2,2,2515,0,1,5,2,2022,5,4995.0,4999.714285714285,5008.871868646473
2022-02-05,1,5066,612,1,0,0,0,0,1,1299,0,0,5,2,2022,5,5028.0,5003.0,5052.681212535953
2022-02-06,1,5022,553,1,1,2,0,3,1,3332,0,0,6,2,2022,5,5066.0,4985.0,4972.085798433941
2022-02-07,1,5055,570,1,0,0,0,3,1,2170,0,0,0,2,2022,6,5022.0,5004.0,4971.503635668383
2022-02-08,1,5001,609,1,1,0,0,2,0,2261,0,1,1,2,2022,6,5055.0,5014.714285714285,5006.543661842144
2022-02-09,1,5125,599,1,1,0,0,0,1,172,0,1,2,2,2022,6,5001.0,5041.714285714285,5005.5121778670655
2022-02-10,1,5006,580,1,0,0,0,1,1,3446,0,-1,3,2,2022,6,5125.0,5043.285714285715,4997.446761744306
2022-02-10,1,5095,617,1,0,0,0,2,1,1084,1,-1,3,2,2022,6,5006.0,5052.857142857143,5033.406240249917
2022-02-11,1,4944,625,1,0,0,0,0,0,3227,1,0,4,2,2022,6,5095.0,5035.428571428572,5079.360237248098
2022-02-12,1,4951,550,1,0,3,0,0,0,1265,0,-1,5,2,2022,6,4944.0,5025.285714285715,4999.539704233877
2022-02-13,1,4950,586,1,1,0,0,2,0,265,0,2,6,2,2022,6,4951.0,5010.285714285715,4993.691795290578
2022-02-14,1,4971,584,1,1,2,0,3,2,4339,1,1,0,2,2022,7,4950.0,5006.0,5008.544249925366
2022-02-14,1,5075,624,1,0,0,0,0,0,1663,0,0,0,2,2022,7,4971.0,4998.857142857143,5021.674001996319
2022-02-15,1,5015,613,1,0,3,1,0,1,1190,0,-1,1,2,2022,7,5075.0,5000.142857142857,5012.821289329647
2022-02-16,1,4951,615,1,1,0,0,1,1,1152,0,2,2,2,2022,7,5015.0,4979.571428571428,5037.251676340062
2022-02-17,1,5038,602,1,0,0,0,3,2,3637,1,2,3,2,2022,7,4951.0,4993.0,5050.597312806815
2022-02-17,1,4980,602,1,1,0,0,3,1,2352,1,0,3,2,2022,7,5038.0,4997.142857142857,4987.135207688253
2022-02-18,1,4965,593,1,0,0,1,0,1,512,0,0,4,2,2022,7,4980.0,4999.285714285715,5002.999684829415
2022-02-18,1,4984,587,1,0,0,0,2,1,4386,0,1,4,2,2022,7,4965.0,5001.142857142857,5000.916461462406
2022-02-18,1,5054,612,1,0,0,0,0,2,1427,0,-1,4,2,2022,7,4984.0,4998.142857142857,5026.357232867522
2022-02-20,1,4920,623,1,0,0,1,1,2,3764,0,2,6,2,2022,7,5054.0,4984.571428571428,5009.177642306028
2022-02-20,1,5003,583,1,0,0,0,3,0,3373,0,0,6,2,2022,7,4920.0,4992.0,5020.62780542038
2022-02-21,1,5092,579,1,1,0,0,1,2,2778,1,2,0,2,2022,8,5003.0,4999.714285714285,5041.195086575435
2022-02-21,1,5031,563,1,0,0,0,3,0,3520,0,0,0,2,2022,8,5092.0,5007.0,4983.415811746732
2022-02-23,1,5151,609,1,0,0,0,1,0,184,0,1,2,2,2022,8,5031.0,5033.571428571428,4980.831059200756
2022-02-24,1,4941,628,1,0,0,0,3,1,4959,1,1,3,2,2022,8,5151.0,5027.428571428572,5007.6179562084535
2022-02-25,1,4900,604,1,0,0,0,3,1,2413,0,2,4,2,2022,8,4941.0,5005.428571428572,5037.285205870303
2022-02-25,1,4957,593,1,0,0,0,1,1,1283,0,-1,4,2,2022,8,4900.0,5010.714285714285,4983.6458246831535
2022-02-26,1,4960,654,1,1,0,0,3,2,4889,0,2,5,2,2022,8,4957.0,5004.571428571428,5019.308064517288
2022-02-27,1,5038,586,1,0,0,0,1,2,2927,0,1,6,2,2022,8,4960.0,4996.857142857143,5047.161533975403
2022-02-28,1,5093,611,1,0,0,0,2,0,1083,0,0,0,2,2022,9,5038.0,5005.714285714285,4986.07310305036
2022-03-03,1,5082,603,1,0,0,0,2,2,1501,0,0,3,3,2022,9,5093.0,4995.857142857143,4996.7448217063475
2022-03-04,1,4953,594,1,1,0,0,0,1,3149,0,1,4,3,2022,9,5082.0,4997.571428571428,4997.7291957215375
2022-03-05,1,5133,631,1,0,0,0,0,2,1546,0,-1,5,3,2022,9,4953.0,5030.857142857143,5023.123038013377
2022-03-05,1,4992,619,1,0,0,0,2,1,3777,0,1,5,3,2022,9,5133.0,5035.857142857143,4987.181322584575
2022-03-05,1,5020,589,1,0,0,0,2,0,2781,1,0,5,3,2022,9,4992.0,5044.428571428572,5023.921247796371
2022-03-06,1,4952,603,1,0,1,1,3,2,1044,0,0,6,3,2022,9,5020.0,5032.142857142857,5075.727684787431
2022-03-06,1,4922,590,1,1,0,0,2,2,2838,0,1,6,3,2022,9,4952.0,5007.714285714285,5003.299646972506
2022-03-06,1,5121,604,1,0,0,0,2,0,2428,1,-1,6,3,2022,9,4922.0,5013.285714285715,5007.4587839581045
2022-03-08,1,4894,592,1,0,0,0,3,0,1636,0,1,1,3,2022,10,5121.0,5004.857142857143,4995.082570865306
2022-03-09,1,4982,564,1,0,0,0,0,1,1613,1,2,2,3,2022,10,4894.0,4983.285714285715,5028.925559217677
2022-03-10,1,5047,592,1,0,0,0,0,2,457,0,0,3,3,2022,10,4982.0,4991.142857142857,4980.57987329176
2022-03-11,1,5064,607,1,1,3,0,1,2,2332,1,-1,4,3,2022,10,5047.0,4997.428571428572,5016.904123075333
2022-03-11,1,5047,596,1,1,1,0,1,2,4725,0,1,4,3,2022,10,5064.0,5011.0,5045.056986126468
2022-03-11,1,5000,576,1,0,0,0,0,2,4613,1,0,4,3,2022,10,5047.0,5022.142857142857,4999.814529834245
2022-03-14,1,5075,612,1,1,3,0,3,0,1859,1,1,0,3,2022,11,5000.0,5015.571428571428,5020.5870130752655
2022-03-14,1,5124,598,1,1,0,0,3,1,3847,0,1,0,3,2022,11,5075.0,5048.428571428572,4989.494309322384
2022-03-14,1,5100,579,1,1,0,0,3,1,2364,0,-1,0,3,2022,11,5124.0,5065.285714285715,5036.732194308174
2022-03-15,1,4895,593,1,1,0,0,0,0,1015,0,1,1,3,2022,11,5100.0,5043.571428571428,4999.4000703599595
2022-03-15,1,5017,622,1,1,0,0,1,2,719,0,-1,1,3,2022,11,4895.0,5036.857142857143,5030.194290255239
2022-03-16,1,4959,622,1,1,2,0,0,1,4558,0,-1,2,3,2022,11,5017.0,5024.285714285715,5050.959420126864
2022-03-16,1,4889,584,1,0,2,0,3,1,3903,1,1,2,3,2022,11,4959.0,5008.428571428572,5003.196881358561
2022-03-17,1,5062,612,1,0,0,0,3,2,1238,1,1,3,3,2022,11,4889.0,5006.571428571428,5027.267050622542
2022-03-18,1,4976,604,1,1,0,0,2,2,1108,0,-1,4,3,2022,11,5062.0,4985.428571428572,4996.150346356222
2022-03-20,1,5007,585,1,0,0,0,0,2,359,0,0,6,3,2022,11,4976.0,4972.142857142857,5035.369664567272
2022-03-24,1,5098,557,1,1,0,0,2,1,4053,0,-1,3,3,2022,12,5007.0,5001.142857142857,4985.242760125473
2022-03-25,1,5240,607,1,0,2,0,0,2,2513,0,0,4,3,2022,12,5098.0,5033.0,5027.5353672478805
2022-03-26,1,4924,603,1,1,2,0,1,1,2868,1,2,5,3,2022,12,5240.0,5028.0,5049.340026786502
2022-03-27,1,4990,635,1,0,0,0,0,1,1001,0,-1,6,3,2022,12,4924.0,5042.428571428572,5000.523536221194
2022-03-28,1,4995,630,1,0,2,0,0,2,2374,1,1,0,3,2022,13,4990.0,5032.857142857143,5037.048396022711
2022-03-28,1,5100,545,1,0,0,0,2,2,3971,0,2,0,3,2022,13,4995.0,5050.571428571428,5003.164667909787
2022-03-29,1,5064,597,1,0,1,0,1,0,2860,0,1,1,3,2022,13,5100.0,5058.714285714285,5043.227497468884
2022-03-29,1,4983,611,1,0,0,0,3,1,1028,1,2,1,3,2022,13,5064.0,5042.285714285715,5001.180818236343
2022-03-30,1,4974,607,1,0,0,0,1,0,4478,0,2,2,3,2022,13,4983.0,5004.285714285715,5046.73518419969
2022-03-30,1,4931,589,1,0,0,0,1,1,650,1,2,2,3,2022,13,4974.0,5005.285714285715,5041.08986649095
2022-03-30,1,5022,613,1,0,0,1,3,1,4601,0,1,2,3,2022,13,4931.0,5009.857142857143,5014.021494572792
2022-03-30,1,5092,564,1,0,0,0,1,1,3037,0,0,2,3,2022,13,5022.0,5023.714285714285,5034.165310065304
2022-03-30,1,5051,617,1,0,1,0,2,0,3977,0,0,2,3,2022,13,5092.0,5016.714285714285,5009.268473385522
2022-03-30,1,5130,601,1,1,0,0,2,0,618,1,2,2,3,2022,13,5051.0,5026.142857142857,5043.806438826277
2022-03-31,1,4967,614,1,0,0,0,0,1,4551,0,0,3,3,2022,13,5130.0,5023.857142857143,5003.5496141943495
2022-03-31,1,4902,612,1,0,0,0,3,1,1538,0,0,3,3,2022,13,4967.0,5013.571428571428,5047.6301103130145
2022-04-01,1,5114,577,1,0,0,0,3,2,4972,0,0,4,4,2022,13,4902.0,5039.714285714285,5033.676274355501
2022-04-02,1,4902,604,1,0,3,0,0,1,1334,0,-1,5,4,2022,13,5114.0,5022.571428571428,5001.062600224538
2022-04-02,1,4984,593,1,1,0,0,0,0,2755,0,1,5,4,2022,13,4902.0,5007.142857142857,5038.559436799385
2022-04-02,1,5038,592,1,0,0,0,1,2,2282,0,2,5,4,2022,13,4984.0,5005.285714285715,5012.105271538766
2022-04-05,1,4895,570,1,1,0,0,0,2,1727,0,2,1,4,2022,14,5038.0,4971.714285714285,5046.758858108183
2022-04-06,1,4981,580,1,0,0,0,3,0,4131,0,1,2,4,2022,14,4895.0,4973.714285714285,4994.70894597763
2022-04-06,1,4934,654,1,0,0,0,2,0,366,0,2,2,4,2022,14,4981.0,4978.285714285715,5032.060404291717
2022-04-06,1,4956,588,1,0,0,0,3,2,586,1,2,2,4,2022,14,4934.0,4955.714285714285,5029.57949046514
2022-04-07,1,5005,625,1,0,0,0,2,1,3445,0,1,3,4,2022,14,4956.0,4970.428571428572,4987.03774247396
2022-04-07,1,5022,573,1,1,0,0,0,0,223,0,1,3,4,2022,14,5005.0,4975.857142857143,5028.909005678607
2022-04-09,1,5001,577,1,0,0,0,0,1,2945,0,2,5,4,2022,14,5022.0,4970.571428571428,5007.125714756987
2022-04-09,1,4875,573,1,0,0,0,3,0,191,0,-1,5,4,2022,14,5001.0,4967.714285714285,5034.674679076566
2022-04-10,1,5037,634,1,1,0,0,0,0,3803,0,1,6,4,2022,14,4875.0,4975.714285714285,4985.721872604744
2022-04-12,1,5058,594,1,1,0,0,0,1,4254,1,2,1,4,2022,15,5037.0,4993.428571428572,5019.001070329737
2022-04-14,1,5037,618,1,0,0,0,1,2,366,0,2,3,4,2022,15,5058.0,5005.0,5024.320884567678
2022-04-15,1,4919,594,1,1,0,0,0,2,1084,0,-1,4,4,2022,15,5037.0,4992.714285714285,4985.05283193812
2022-04-15,1,4923,597,1,0,0,0,0,0,1334,0,0,4,4,2022,15,4919.0,4978.571428571428,5026.343155872585
2022-04-16,1,5078,545,1,1,1,0,1,0,4057,0,-1,5,4,2022,15,4923.0,4989.571428571428,5002.298861446315
2022-04-17,1,4879,639,1,0,0,0,0,0,3015,0,1,6,4,2022,15,5078.0,4990.142857142857,5022.636706229462
2022-04-18,1,5086,609,1,0,1,0,3,1,2290,0,0,0,4,2022,16,4879.0,4997.142857142857,4985.6101232793035
2022-04-20,1,5070,590,1,1,0,0,1,2,1742,0,0,2,4,2022,16,5086.0,4998.857142857143,5017.572814736292
2022-04-20,1,5053,572,1,1,0,0,3,1,2798,0,0,2,4,2022,16,5070.0,5001.142857142857,5022.041481408952
2022-04-21,1,5062,596,1,0,0,0,1,0,3247,1,1,3,4,2022,16,5053.0,5021.571428571428,4982.305779834864
2022-04-21,1,5085,616,1,0,3,1,3,0,2777,1,1,3,4,2022,16,5062.0,5044.714285714285,5040.904119401835
2022-04-21,1,5089,587,1,1,0,0,1,1,3050,0,1,3,4,2022,16,5085.0,5046.285714285715,5010.322529202456
2022-04-22,1,5072,616,1,0,0,0,1,0,814,1,0,4,4,2022,16,5089.0,5073.857142857143,5020.9133335501565
2022-04-23,1,5110,629,1,0,0,0,2,0,3685,0,0,5,4,2022,16,5072.0,5077.285714285715,4999.644112118231
2022-04-24,1,5066,608,1,0,0,0,2,1,1880,1,0,6,4,2022,16,5110.0,5076.714285714285,5031.26783554967
2022-04-24,1,4936,575,1,1,2,0,1,0,3735,0,-1,6,4,2022,16,5066.0,5060.0,5033.794120937491
2022-04-25,1,5033,592,1,0,0,0,0,0,1844,1,-1,0,4,2022,17,4936.0,5055.857142857143,4992.588864750003
2022-04-25,1,5040,564,1,0,0,0,3,2,132,0,-1,0,4,2022,17,5033.0,5049.428571428572,5030.887489289579
2022-04-26,1,4907,639,1,0,0,0,3,1,4094,0,2,1,4,2022,17,5040.0,5023.428571428572,5021.0470889182725
2022-04-26,1,4933,575,1,0,3,0,3,2,3551,0,1,1,4,2022,17,4907.0,5003.571428571428,5023.548434919689
2022-04-27,1,4944,617,1,1,0,0,0,0,4446,1,-1,2,4,2022,17,4933.0,4979.857142857143,5003.963764186789
2022-04-27,1,4950,615,1,1,2,0,2,0,4757,1,2,2,4,2022,17,4944.0,4963.285714285715,5028.740376494304
2022-04-27,1,4840,564,1,1,1,0,3,1,491,1,1,2,4,2022,17,4950.0,4949.571428571428,5024.167710555925
2022-04-27,1,5072,648,1,0,3,0,2,1,2981,0,2,2,4,2022,17,4840.0,4955.142857142857,4986.704586112348
2022-04-28,1,5079,566,1,0,0,0,2,0,813,0,1,3,4,2022,17,5072.0,4960.714285714285,5023.569596029602
2022-04-28,1,4919,615,1,1,0,0,3,1,2012,0,0,3,4,2022,17,5079.0,4962.428571428572,5010.188700930727
2022-04-30,1,5065,578,1,0,0,0,0,1,1613,1,0,5,4,2022,17,4919.0,4981.285714285715,5014.32373896393
2022-04-30,1,4954,606,1,0,0,0,1,0,671,0,1,5,4,2022,17,5065.0,4982.714285714285,4999.402335189408
2022-05-01,1,4963,631,1,1,0,0,3,2,2817,0,1,6,5,2022,17,4954.0,4984.571428571428,5022.940560028776
2022-05-01,1,4953,604,1,0,0,0,2,1,2103,0,0,6,5,2022,17,4963.0,5000.714285714285,5013.886241046446
2022-05-02,1,5078,590,1,0,0,0,0,0,2755,0,0,0,5,2022,18,4953.0,5001.571428571428,4988.678648412959
2022-05-02,1,5068,572,1,1,0,0,2,2,3647,1,0,0,5,2022,18,5078.0,5000.0,5024.219163208039
2022-05-03,1,4967,547,1,1,0,0,1,1,4035,1,2,1,5,2022,18,5068.0,5006.857142857143,5004.719614983781
2022-05-03,1,4974,654,1,1,0,1,2,1,2249,0,1,1,5,2022,18,4967.0,4993.857142857143,5030.904008282833
2022-05-03,1,4948,563,1,0,0,0,2,1,3127,0,2,1,5,2022,18,4974.0,4993.0,4995.541376091197
2022-05-04,1,4966,576,1,0,0,0,1,2,2396,0,0,2,5,2022,18,4948.0,4993.428571428572,5018.313527624629
2022-05-04,1,4938,570,1,0,0,0,1,2,3707,1,-1,2,5,2022,18,4966.0,4991.285714285715,5007.297147018276
2022-05-05,1,5024,549,1,0,0,0,3,0,3604,1,0,3,5,2022,18,4938.0,4983.571428571428,4990.494383890908
2022-05-06,1,5002,601,1,0,0,0,3,1,3467,0,1,4,5,2022,18,5024.0,4974.142857142857,5023.895966961601
2022-05-06,1,4933,586,1,1,0,0,3,2,4029,0,2,4,5,2022,18,5002.0,4969.285714285715,4998.033803061085
2022-05-07,1,4979,561,1,0,3,0,2,0,496,0,-1,5,5,2022,18,4933.0,4970.0,5008.437665690884
2022-05-08,1,5111,598,1,1,0,0,2,0,1958,0,1,6,5,2022,18,4979.0,4993.285714285715,4988.2423233596055
2022-05-10,1,4837,582,1,0,1,0,1,1,4205,0,0,1,5,2022,19,5111.0,4974.857142857143,5013.587388831162
2022-05-10,1,4870,604,1,1,0,0,2,2,4586,1,2,1,5,2022,19,4837.0,4965.142857142857,5000.8434246144325
2022-05-10,1,5034,621,1,1,0,0,1,2,859,1,1,1,5,2022,19,4870.0,4966.571428571428,4987.6952316203015
2022-05-11,1,5050,578,1,0,0,1,3,1,4797,0,0,2,5,2022,19,5034.0,4973.428571428572,5036.281510380841
2022-05-13,1,4909,633,1,0,0,0,3,1,3733,0,1,4,5,2022,19,5050.0,4970.0,4991.964539181351
2022-05-14,1,5042,626,1,0,3,1,1,1,4856,0,0,5,5,2022,19,4909.0,4979.0,5019.567981410287
2022-05-15,1,4945,636,1,0,3,0,1,2,741,0,0,6,5,2022,19,5042.0,4955.285714285715,4987.623232902197
2022-05-15,1,5083,610,1,0,0,0,1,2,3401,1,-1,6,5,2022,19,4945.0,4990.428571428572,5002.419988307125
2022-05-16,1,5038,611,1,0,0,0,1,1,3008,0,1,0,5,2022,20,5083.0,5014.428571428572,4993.521532489002
2022-05-18,1,4917,580,1,0,2,0,3,1,2663,0,1,2,5,2022,20,5038.0,4997.714285714285,4990.0818464093445
2022-05-19,1,5035,600,1,0,0,0,1,1,3185,0,2,3,5,2022,20,4917.0,4995.571428571428,5018.841458514729
2022-05-19,1,5001,591,1,1,0,0,2,2,3012,0,-1,3,5,2022,20,5035.0,5008.714285714285,4987.3821313479675
2022-05-20,1,5004,558,1,1,3,0,3,2,2151,0,-1,4,5,2022,20,5001.0,5003.285714285715,5002.31732314491
2022-05-21,1,4914,590,1,0,0,0,0,2,330,0,1,5,5,2022,20,5004.0,4998.857142857143,4988.788943388768
2022-05-21,1,4974,553,1,1,0,0,2,0,3647,0,-1,5,5,2022,20,4914.0,4983.285714285715,5001.373169590375
2022-05-22,1,4886,645,1,0,0,0,1,0,3846,0,-1,6,5,2022,20,4974.0,4961.571428571428,4991.285353156962
2022-05-23,1,5018,625,1,0,0,0,3,1,272,0,-1,0,5,2022,21,4886.0,4976.0,4985.125842746384
2022-05-23,1,5048,590,1,1,0,0,2,0,924,1,2,0,5,2022,21,5018.0,4977.857142857143,5015.579124512375
2022-05-24,1,4995,578,1,1,0,0,3,0,4475,0,2,1,5,2022,21,5048.0,4977.0,4983.815272606681
2022-05-24,1,5029,592,1,0,0,0,0,2,1732,1,0,1,5,2022,21,4995.0,4980.571428571428,5000.558452440219
2022-05-24,1,5118,579,1,1,0,0,2,2,508,0,-1,1,5,2022,21,5029.0,5009.714285714285,4983.457631088373
2022-05-25,1,5103,605,1,0,0,0,1,0,3979,0,-1,2,5,2022,21,5118.0,5028.142857142857,5002.567365849467
2022-05-25,1,5098,605,1,0,0,0,0,1,1501,0,1,2,5,2022,21,5103.0,5058.428571428572,4992.052592074021
2022-05-25,1,4905,536,1,0,0,1,2,2,2888,0,2,2,5,2022,21,5098.0,5042.285714285715,5007.500900841356
2022-05-26,1,4970,616,1,0,0,0,3,0,3852,0,0,3,5,2022,21,4905.0,5031.142857142857,5022.34940099127
2022-05-27,1,5004,641,1,0,0,0,0,2,2018,0,2,4,5,2022,21,4970.0,5032.428571428572,4988.56654453791
2022-05-27,1,4938,581,1,0,0,0,2,0,596,0,-1,4,5,2022,21,5004.0,5019.428571428572,5004.58710172985
2022-05-29,1,4960,567,1,0,0,0,3,0,2355,1,0,6,5,2022,21,4938.0,4996.857142857143,4988.290850971532
2022-05-31,1,5069,636,1,1,0,0,0,2,4024,0,1,1,5,2022,22,4960.0,4992.0,5003.996717087102
2022-05-31,1,4942,594,1,1,0,0,3,2,3998,0,2,1,5,2022,22,5069.0,4969.714285714285,4991.226984734201
2022-05-31,1,4968,644,1,1,0,0,0,1,1920,0,0,1,5,2022,22,4942.0,4978.714285714285,4985.152730390873
2022-06-01,1,5023,628,1,1,0,0,0,1,186,0,-1,2,6,2022,22,4968.0,4986.285714285715,5018.2688722621
2022-06-02,1,5043,585,1,0,1,0,1,2,4730,1,0,3,6,2022,22,5023.0,4991.857142857143,4987.185966372319
2022-06-02,1,5024,616,1,0,0,0,1,2,1594,0,0,3,6,2022,22,5043.0,5004.142857142857,5002.434736501822
2022-06-02,1,4978,606,1,1,0,0,1,0,4756,0,-1,3,6,2022,22,5024.0,5006.714285714285,4989.131221425701
2022-06-03,1,4952,610,1,0,0,0,3,2,3167,0,2,4,6,2022,22,4978.0,4990.0,5008.00446892433
2022-06-03,1,4920,618,1,1,0,0,3,1,321,1,-1,4,6,2022,22,4952.0,4986.857142857143,4991.306005413124
2022-06-03,1,5004,608,1,0,0,0,3,1,3047,1,2,4,6,2022,22,4920.0,4992.0,4982.5445471412
2022-06-04,1,4984,599,1,1,0,0,2,2,1979,0,0,5,6,2022,22,5004.0,4986.428571428572,5016.577384176842
2022-06-04,1,4982,587,1,0,0,0,3,2,4819,0,2,5,6,2022,22,4984.0,4977.714285714285,4987.325837187549
2022-06-04,1,5036,589,1,0,0,0,3,2,2493,1,0,5,6,2022,22,4982.0,4979.428571428572,4999.8642455579475
2022-06-05,1,5278,579,1,0,0,0,1,1,2827,1,0,6,6,2022,22,5036.0,5022.285714285715,4986.778745931951
2022-06-05,1,5041,589,1,1,0,0,0,1,4283,0,-1,6,6,2022,22,5278.0,5035.0,5007.996056749789
2022-06-05,1,5073,575,1,1,0,0,1,2,2112,1,-1,6,6,2022,22,5041.0,5056.857142857143,4992.264403491472
2022-06-06,1,5122,510,1,1,0,0,0,0,4085,0,-1,0,6,2022,23,5073.0,5073.714285714285,4987.199903146548
2022-06-07,1,5019,618,1,0,0,0,1,2,788,1,2,1,6,2022,23,5122.0,5078.714285714285,5023.314731456918
2022-06-07,1,4997,649,1,0,0,0,3,1,4530,0,2,1,6,2022,23,5019.0,5080.857142857143,4995.884816922615
2022-06-09,1,5143,646,1,0,0,0,1,0,1633,0,0,3,6,2022,23,4997.0,5096.142857142857,5008.9328706943
2022-06-10,1,4934,579,1,0,0,1,1,1,2926,0,0,4,6,2022,23,5143.0,5047.0,5018.176896838692
2022-06-10,1,4905,606,1,0,0,0,0,2,1309,0,-1,4,6,2022,23,4934.0,5027.571428571428,5014.379758844233
2022-06-11,1,4967,635,1,0,0,1,1,2,2945,0,2,5,6,2022,23,4905.0,5012.428571428572,5013.245849931984
2022-06-11,1,4878,603,1,1,0,0,0,0,3550,1,1,5,6,2022,23,4967.0,4977.571428571428,4991.0780402705805
2022-06-12,1,4965,566,1,0,0,0,3,1,2905,0,1,6,6,2022,23,4878.0,4969.857142857143,5020.985376852557
2022-06-12,1,4903,588,1,1,0,0,0,2,2800,0,1,6,6,2022,23,4965.0,4956.428571428572,4991.722464667805
2022-06-12,1,4889,608,1,0,0,0,3,2,855,1,-1,6,6,2022,23,4903.0,4920.142857142857,5007.210381661985
2022-06-13,1,4898,618,1,0,0,0,1,2,4332,0,2,0,6,2022,24,4889.0,4915.0,4996.566448588043
2022-06-13,1,5026,584,1,1,0,0,0,0,2602,0,1,0,6,2022,24,4898.0,4932.285714285715,5003.73202108489
2022-06-13,1,4966,633,1,0,0,0,2,1,420,0,0,0,6,2022,24,5026.0,4932.142857142857,4988.912814908471
2022-06-14,1,5046,602,1,0,0,0,0,2,1571,0,1,1,6,2022,24,4966.0,4956.142857142857,4984.841431698913
2022-06-15,1,4959,582,1,0,0,0,2,0,3742,0,1,2,6,2022,24,5046.0,4955.285714285715,5014.753985180292
2022-06-15,1,5021,647,1,0,0,0,2,2,2693,0,-1,2,6,2022,24,4959.0,4972.142857142857,4986.418750611574
2022-06-15,1,4956,598,1,0,3,0,2,0,3671,0,1,2,6,2022,24,5021.0,4981.714285714285,5003.888006114111
2022-06-16,1,5087,600,1,0,0,0,0,1,1807,0,2,3,6,2022,24,4956.0,5008.714285714285,4991.563526376563
2022-06-17,1,4900,576,1,0,0,0,3,1,3909,1,1,4,6,2022,24,5087.0,4990.714285714285,5002.897144067639
2022-06-18,1,4885,596,1,1,0,0,3,0,625,0,0,5,6,2022,24,4900.0,4979.142857142857,4987.19234112186
2022-06-18,1,5078,599,1,0,0,0,3,0,4233,0,2,5,6,2022,24,4885.0,4983.714285714285,4982.773441779706
2022-06-18,1,4980,555,1,0,0,0,0,1,3603,0,0,5,6,2022,24,5078.0,4986.714285714285,5011.407658982762
2022-06-19,1,5017,575,1,0,0,0,1,2,3983,1,-1,6,6,2022,24,4980.0,4986.142857142857,4984.421167576393
2022-06-19,1,4990,629,1,1,0,0,3,1,790,0,1,6,6,2022,24,5017.0,4991.0,4999.676975346374
2022-06-20,1,5053,599,1,0,0,0,2,1,2177,0,2,0,6,2022,25,4990.0,4986.142857142857,4990.761300226026
2022-06-21,1,5025,568,1,0,0,0,0,1,657,1,0,1,6,2022,25,5053.0,5004.0,5000.64025113673
2022-06-22,1,5005,580,1,0,0,0,2,0,2528,0,0,2,6,2022,25,5025.0,5021.142857142857,4985.594079419075
2022-06-23,1,5051,624,1,0,0,1,2,0,4399,1,2,3,6,2022,25,5005.0,5017.285714285715,5003.7099853980235
2022-06-24,1,5055,618,1,0,0,0,0,1,703,0,0,4,6,2022,25,5051.0,5028.0,5011.7705189327835
2022-06-25,1,4930,611,1,0,0,0,0,0,4560,0,-1,5,6,2022,25,5055.0,5015.571428571428,4987.461322175754
2022-06-25,1,5019,612,1,0,0,0,2,0,1366,0,-1,5,6,2022,25,4930.0,5019.714285714285,5001.102861427159
2022-06-29,1,5026,606,1,0,0,0,0,1,680,0,0,2,6,2022,26,5019.0,5015.857142857143,4994.583994344814
2022-06-30,1,5043,617,1,0,2,0,1,0,3307,0,0,3,6,2022,26,5026.0,5018.428571428572,5000.856841712211
2022-06-30,1,4959,562,1,0,0,0,0,2,2937,0,-1,3,6,2022,26,5043.0,5011.857142857143,4985.717340840992
2022-06-30,1,5047,628,1,0,0,0,1,2,1768,0,-1,3,6,2022,26,4959.0,5011.285714285715,4989.804522770731
2022-07-02,1,4974,577,1,0,0,0,0,1,3682,0,2,5,7,2022,26,5047.0,4999.714285714285,5012.876493628275
2022-07-03,1,5075,612,1,0,0,0,3,2,2617,0,1,6,7,2022,26,4974.0,5020.428571428572,4987.5351400205745
2022-07-03,1,4989,600,1,0,0,0,2,0,4968,0,0,6,7,2022,26,5075.0,5016.142857142857,5002.258739830848
2022-07-03,1,5054,601,1,0,0,0,3,0,687,0,0,6,7,2022,26,4989.0,5020.142857142857,4997.501676999721
2022-07-05,1,4997,595,1,0,0,1,2,2,1643,0,1,1,7,2022,27,5054.0,5013.571428571428,5020.511885844391
2022-07-06,1,5056,657,1,1,0,0,0,1,2911,0,-1,2,7,2022,27,4997.0,5027.428571428572,4986.39649923221
2022-07-06,1,5076,667,1,0,0,0,1,1,1805,0,-1,2,7,2022,27,5056.0,5031.571428571428,4992.86958812911
2022-07-09,1,5046,619,1,0,0,0,0,2,409,0,0,5,7,2022,27,5076.0,5041.857142857143,5015.226081631398
2022-07-09,1,5147,631,1,0,0,0,3,0,3592,0,1,5,7,2022,27,5046.0,5052.142857142857,4990.7738272346605
2022-07-10,1,5048,565,1,0,0,1,3,2,2091,0,1,6,7,2022,27,5147.0,5060.571428571428,5023.179282675436
2022-07-10,1,5117,574,1,0,0,0,3,0,4970,0,2,6,7,2022,27,5048.0,5069.571428571428,5003.061484773854
2022-07-12,1,5119,574,1,0,0,0,1,2,4650,0,-1,1,7,2022,28,5117.0,5087.0,5008.639061359086
2022-07-13,1,4887,583,1,1,0,0,0,1,4740,0,2,2,7,2022,28,5119.0,5062.857142857143,4993.0259953203795
2022-07-13,1,4947,598,1,1,0,0,0,2,2196,0,0,2,7,2022,28,4887.0,5044.428571428572,4999.980195494151
2022-07-13,1,5026,634,1,1,0,0,2,2,1830,0,0,2,7,2022,28,4947.0,5041.571428571428,5018.44165817701
2022-07-15,1,5131,597,1,0,0,0,1,2,1174,1,2,4,7,2022,28,5026.0,5039.285714285715,4997.1843263751525
2022-07-15,1,5054,612,1,0,0,0,3,1,4101,1,1,4,7,2022,28,5131.0,5040.142857142857,5009.031884627866
2022-07-15,1,5086,619,1,0,0,0,1,2,2211,0,2,4,7,2022,28,5054.0,5035.714285714285,5008.186080199014
2022-07-16,1,5002,562,1,0,1,0,2,1,956,0,0,5,7,2022,28,5086.0,5019.0,5012.392201774688
2022-07-17,1,5028,580,1,1,0,0,3,0,3749,0,0,6,7,2022,28,5002.0,5039.142857142857,4994.5032012195925
2022-07-19,1,4936,595,1,1,3,0,2,1,257,0,0,1,7,2022,29,5028.0,5037.571428571428,5002.54755940801
2022-07-19,1,5001,643,1,0,0,0,1,0,244,0,2,1,7,2022,29,4936.0,5034.0,5022.222667850791
2022-07-20,1,4964,613,1,0,0,1,0,0,4556,1,2,2,7,2022,29,5001.0,5010.142857142857,5020.683807335626
2022-07-21,1,5026,630,1,0,0,1,2,0,3069,1,1,3,7,2022,29,4964.0,5006.142857142857,5028.212551129567
2022-07-21,1,4994,602,1,0,0,0,3,2,1301,0,2,3,7,2022,29,5026.0,4993.0,5010.694092525372
2022-07-21,1,5063,581,1,0,2,0,1,0,4468,1,2,3,7,2022,29,4994.0,5001.714285714285,5013.011201000691
2022-07-23,1,5078,578,1,1,2,0,3,0,3253,0,2,5,7,2022,29,5063.0,5008.857142857143,4992.294350821303
2022-07-23,1,4899,628,1,1,0,0,2,0,3037,0,2,5,7,2022,29,5078.0,5003.571428571428,5000.537015753007
2022-07-24,1,5032,627,1,1,0,0,3,1,3252,0,0,6,7,2022,29,4899.0,5008.0,5021.215822675402
2022-07-25,1,4972,651,1,1,1,1,3,1,2849,0,1,0,7,2022,30,5032.0,5009.142857142857,5021.116889299711
2022-07-26,1,5008,552,1,0,0,0,1,2,4536,1,-1,1,7,2022,30,4972.0,5006.571428571428,5011.635033219728
2022-07-28,1,5014,585,1,0,0,0,1,0,2800,1,2,3,7,2022,30,5008.0,5009.428571428572,5011.56159566323
2022-07-28,1,4849,543,1,0,3,0,2,2,217,1,-1,3,7,2022,30,5014.0,4978.857142857143,5013.435216816839
2022-07-29,1,4977,619,1,1,0,0,1,0,4370,0,0,4,7,2022,30,4849.0,4964.428571428572,4992.7324135677145
2022-07-29,1,4980,566,1,1,0,0,2,1,4559,0,1,4,7,2022,30,4977.0,4976.0,4995.67573796903
2022-07-30,1,4931,583,1,1,0,0,0,1,3197,0,-1,5,7,2022,30,4980.0,4961.571428571428,5018.225691855459
2022-07-30,1,5097,632,1,1,0,0,3,0,2015,0,0,5,7,2022,30,4931.0,4979.428571428572,4999.688781807604
2022-07-31,1,5002,602,1,0,3,0,0,1,3828,1,-1,6,7,2022,30,5097.0,4978.571428571428,5008.914095906837
2022-08-01,1,4922,588,1,0,0,0,1,0,2491,1,1,0,8,2022,31,5002.0,4965.428571428572,5009.429295560635
2022-08-01,1,4797,620,1,1,0,0,0,2,712,1,2,0,8,2022,31,4922.0,4958.0,5009.5088888350065
2022-08-01,1,5053,578,1,0,0,0,1,2,275,0,-1,0,8,2022,31,4797.0,4968.857142857143,4991.263961832387
2022-08-02,1,4915,580,1,0,0,1,1,2,1524,1,2,1,8,2022,31,5053.0,4959.571428571428,5008.6969552267365
2022-08-03,1,4942,625,1,1,0,0,0,0,2327,1,1,2,8,2022,31,4915.0,4961.142857142857,5014.531434912698
2022-08-03,1,4961,597,1,0,0,0,1,0,430,0,2,2,8,2022,31,4942.0,4941.714285714285,4997.156187474033
2022-08-04,1,4945,635,1,0,0,0,0,0,2075,1,1,3,8,2022,31,4961.0,4933.571428571428,5004.818970940001
2022-08-04,1,4888,631,1,0,0,0,2,0,1070,0,0,3,8,2022,31,4945.0,4928.714285714285,5003.642239980602
2022-08-04,1,4994,608,1,0,2,0,3,1,3686,0,0,3,8,2022,31,4888.0,4956.857142857143,5000.092118371201
2022-08-04,1,4935,572,1,0,0,0,0,1,103,0,0,3,8,2022,31,4994.0,4940.0,4987.1791414391255
2022-08-04,1,4928,578,1,0,3,0,1,2,3078,1,0,3,8,2022,31,4935.0,4941.857142857143,4986.483590289813
2022-08-05,1,4967,595,1,0,0,0,1,1,1860,0,0,4,8,2022,31,4928.0,4945.428571428572,5008.63983718318
2022-08-06,1,5038,598,1,1,0,0,0,1,1284,0,2,5,8,2022,31,4967.0,4956.428571428572,4993.626103792401
2022-08-07,1,5151,588,1,0,0,0,0,0,358,0,1,6,8,2022,31,5038.0,4985.857142857143,5000.599540236118
2022-08-07,1,5039,587,1,1,0,0,2,2,4039,0,2,6,8,2022,31,5151.0,5007.428571428572,4998.644206478384
2022-08-07,1,4997,628,1,1,0,0,2,2,4033,0,0,6,8,2022,31,5039.0,5007.857142857143,4996.178068938553
2022-08-07,1,4967,648,1,0,0,0,2,2,3626,0,-1,6,8,2022,31,4997.0,5012.428571428572,4988.216050818725
2022-08-08,1,4965,588,1,0,0,0,1,0,4940,0,1,0,8,2022,32,4967.0,5017.714285714285,4985.324558840308
2022-08-08,1,5049,606,1,1,3,0,3,0,4646,0,1,0,8,2022,32,4965.0,5029.428571428572,5007.794788829924
2022-08-09,1,4977,558,1,1,0,0,1,2,3744,0,-1,1,8,2022,32,5049.0,5020.714285714285,4995.209013995167
2022-08-10,1,4957,578,1,0,0,0,3,0,4318,0,-1,2,8,2022,32,4977.0,4993.0,5002.918599622083
2022-08-11,1,5098,566,1,0,0,1,1,2,4361,0,-1,3,8,2022,32,4957.0,5001.428571428572,5015.504569013629
2022-08-11,1,5052,597,1,1,0,0,3,1,3827,0,2,3,8,2022,32,5098.0,5009.285714285715,4995.867227818178
2022-08-11,1,4846,569,1,0,0,0,3,0,372,0,0,3,8,2022,32,5052.0,4992.0,4987.431338440141
2022-08-12,1,5039,603,1,0,0,0,0,1,402,1,-1,4,8,2022,32,4846.0,5002.571428571428,4984.247209152016
2022-08-12,1,4973,603,1,0,0,0,0,1,779,0,2,4,8,2022,32,5039.0,4991.714285714285,5007.723387152832
2022-08-13,1,5099,586,1,0,0,0,0,2,2832,0,-1,5,8,2022,32,4973.0,5009.142857142857,4995.937062358142
2022-08-15,1,5029,600,1,0,1,0,1,0,3786,0,1,0,8,2022,33,5099.0,5019.428571428572,5004.626000294488
2022-08-15,1,4934,581,1,0,0,0,3,2,2906,1,2,0,8,2022,33,5029.0,4996.0,5000.546664752082
2022-08-15,1,4943,599,1,0,0,0,3,0,3918,1,-1,0,8,2022,33,4934.0,4980.428571428572,4997.409792015631
2022-08-16,1,5075,612,1,0,0,0,0,1,1929,0,1,1,8,2022,33,4943.0,5013.142857142857,4985.204777782341
2022-08-16,1,4891,592,1,0,0,0,0,1,4435,0,2,1,8,2022,33,5075.0,4992.0,4984.1081738795065
2022-08-17,1,5026,603,1,0,0,0,0,0,1497,1,0,2,8,2022,33,4891.0,4999.571428571428,5008.333337232519
2022-08-17,1,4928,590,1,1,0,0,0,0,3824,0,0,2,8,2022,33,5026.0,4975.142857142857,4995.674464422834
2022-08-17,1,5054,615,1,0,0,0,0,2,2366,0,0,2,8,2022,33,4928.0,4978.714285714285,5003.350830431286
2022-08-19,1,5004,624,1,0,3,0,2,1,511,0,1,4,8,2022,33,5054.0,4988.714285714285,4999.690426375168
2022-08-20,1,4878,623,1,0,1,0,2,1,1077,0,1,5,8,2022,33,5004.0,4979.428571428572,4996.717691095281
2022-08-20,1,4785,612,1,0,1,0,2,1,282,0,-1,5,8,2022,33,4878.0,4938.0,4982.847878149883
2022-08-21,1,5069,607,1,1,0,0,3,2,3394,0,1,6,8,2022,33,4785.0,4963.428571428572,4981.180816364031
2022-08-23,1,5128,600,1,0,0,0,2,0,1150,0,-1,1,8,2022,34,5069.0,4978.0,5004.668322982411
2022-08-23,1,5111,617,1,0,0,0,1,2,1883,0,2,1,8,2022,34,5128.0,5004.142857142857,4995.299505279258
2022-08-24,1,4989,624,1,1,0,0,2,0,507,0,2,2,8,2022,34,5111.0,4994.857142857143,5002.967134859466
2022-08-25,1,5023,600,1,0,0,0,3,0,1905,1,0,3,8,2022,34,4989.0,4997.571428571428,4998.802649537196
2022-08-26,1,5092,592,1,0,0,0,3,2,3787,0,2,4,8,2022,34,5023.0,5028.142857142857,4994.828012075232
2022-08-27,1,4953,570,1,0,0,0,1,2,1554,0,2,5,8,2022,34,5092.0,5052.142857142857,4983.512482079957
2022-08-28,1,5049,613,1,0,0,0,2,0,171,1,2,6,8,2022,34,4953.0,5049.285714285715,4983.541715869335
2022-08-30,1,4851,645,1,0,0,0,3,1,4369,0,-1,1,8,2022,35,5049.0,5009.714285714285,5009.218446519409
2022-08-30,1,5087,589,1,0,0,0,3,1,2285,0,1,1,8,2022,35,4851.0,5006.285714285715,4997.275767353935
2022-08-31,1,4855,620,1,1,0,0,0,0,1679,1,2,2,8,2022,35,5087.0,4987.142857142857,5004.2092755559
2022-09-01,1,5040,602,1,1,0,1,1,0,1899,0,0,3,9,2022,35,4855.0,4989.571428571428,5015.576640594284
2022-09-01,1,4942,594,1,0,0,0,3,0,4651,0,-1,3,9,2022,35,5040.0,4968.142857142857,4992.992010406312
2022-09-03,1,5108,602,1,0,0,0,3,0,1829,0,-1,5,9,2022,35,4942.0,4990.285714285715,4979.006551470596
2022-09-03,1,5099,622,1,0,0,0,0,0,4116,1,1,5,9,2022,35,5108.0,4997.428571428572,4983.7869091345065
2022-09-03,1,4871,565,1,0,0,0,2,0,1994,0,1,5,9,2022,35,5099.0,5000.285714285715,5009.397212232224
2022-09-04,1,4912,617,1,0,0,0,0,1,689,0,1,6,9,2022,35,4871.0,4975.285714285715,4999.434581875277
2022-09-04,1,4973,589,1,1,0,1,0,0,688,0,-1,6,9,2022,35,4912.0,4992.142857142857,5019.373977860909
2022-09-04,1,5021,590,1,1,0,0,3,2,237,0,2,6,9,2022,35,4973.0,4989.428571428572,4997.744341583826
2022-09-05,1,5083,632,1,0,0,0,3,0,2304,0,2,0,9,2022,36,5021.0,5009.571428571428,4993.410398622869
2022-09-06,1,4920,572,1,0,0,0,2,0,4750,1,1,1,9,2022,36,5083.0,4982.714285714285,4979.223273108402
2022-09-08,1,4904,656,1,0,0,0,2,0,1490,0,0,3,9,2022,36,4920.0,4954.857142857143,4985.360664445848
2022-09-09,1,4989,607,1,0,3,0,1,1,716,0,0,4,9,2022,36,4904.0,4971.714285714285,5004.282525591978
2022-09-10,1,4979,593,1,0,0,0,3,1,2007,0,-1,5,9,2022,36,4989.0,4981.285714285715,4997.7636312113955
2022-09-10,1,4967,600,1,1,0,0,0,0,611,0,0,5,9,2022,36,4979.0,4980.428571428572,4998.223290306012
2022-09-12,1,5090,563,1,0,0,0,0,0,3549,0,0,0,9,2022,37,4967.0,4990.285714285715,4997.640611242759
2022-09-14,1,4983,628,1,0,0,0,0,0,3174,0,1,2,9,2022,37,5090.0,4976.0,4992.345325183612
2022-09-16,1,4993,604,1,1,0,0,2,1,835,0,0,4,9,2022,37,4983.0,4986.428571428572,4979.449675015086
2022-09-18,1,4943,573,1,1,0,0,0,0,4985,0,2,6,9,2022,37,4993.0,4992.0,4984.94967766408
2022-09-21,1,5056,592,1,0,0,1,3,2,4314,0,-1,2,9,2022,38,4943.0,5001.571428571428,5018.707517265358
2022-09-21,1,5066,582,1,0,0,0,2,0,142,0,2,2,9,2022,38,5056.0,5014.0,4996.15914615865
2022-09-21,1,5094,625,1,0,0,0,2,1,3362,1,-1,2,9,2022,38,5066.0,5032.142857142857,4998.294388970663
2022-09-22,1,4960,614,1,0,1,0,3,2,4664,0,1,3,9,2022,38,5094.0,5013.571428571428,4999.778032137647
2022-09-23,1,4957,582,1,0,0,0,2,2,4190,0,2,4,9,2022,38,4960.0,5009.857142857143,4995.13002605299
2022-09-23,1,5107,586,1,1,0,0,1,2,3687,1,1,4,9,2022,38,4957.0,5026.142857142857,4979.326004269918
2022-09-23,1,4842,663,1,0,0,0,0,0,3177,1,2,4,9,2022,38,5107.0,5011.714285714285,4984.906492880094
2022-09-24,1,5025,571,1,0,0,0,2,2,2118,0,2,5,9,2022,38,4842.0,5007.285714285715,5002.841770619087
2022-09-24,1,4837,618,1,0,0,0,3,0,1288,0,2,5,9,2022,38,5025.0,4974.571428571428,4996.910387165107
2022-09-24,1,5053,659,1,0,1,0,2,1,2974,1,0,5,9,2022,38,4837.0,4968.714285714285,4998.176877875465
2022-09-26,1,4918,595,1,0,0,0,0,2,3253,1,0,0,9,2022,39,5053.0,4962.714285714285,4999.402921403016
2022-09-27,1,4995,586,1,0,1,0,0,2,4314,1,0,1,9,2022,39,4918.0,4968.142857142857,4992.906166319135
2022-09-28,1,4917,619,1,1,1,1,3,1,4676,1,1,2,9,2022,39,4995.0,4941.0,4995.38372064112
2022-09-29,1,5021,583,1,0,0,0,2,0,1342,0,0,3,9,2022,39,4917.0,4966.571428571428,4981.170127647933
2022-09-30,1,5011,620,1,1,0,0,2,2,1108,0,1,4,9,2022,39,5021.0,4964.571428571428,5000.096726667349
2022-09-30,1,5008,587,1,0,0,0,1,2,3511,1,0,4,9,2022,39,5011.0,4989.0,4995.149580929881
2022-10-01,1,4983,586,1,1,0,0,1,1,1412,0,1,5,10,2022,39,5008.0,4979.0,4997.849294571526
2022-10-01,1,4872,636,1,0,0,0,2,1,1253,0,1,5,10,2022,39,4983.0,4972.428571428572,4997.566149822041
2022-10-01,1,4981,680,1,0,0,1,0,2,3473,0,0,5,10,2022,39,4872.0,4970.428571428572,5008.156281992596
2022-10-02,1,4995,591,1,1,0,0,0,0,1936,0,2,6,10,2022,39,4981.0,4981.571428571428,4978.1816744346115
2022-10-03,1,4997,605,1,0,0,0,3,0,1468,1,-1,0,10,2022,40,4995.0,4978.142857142857,4977.756193882868
2022-10-04,1,4929,634,1,1,0,0,1,1,2464,0,-1,1,10,2022,40,4997.0,4966.428571428572,4999.426820978664
2022-10-07,1,5047,634,1,0,0,0,2,2,1483,1,2,4,10,2022,40,4929.0,4972.0,4991.398311500342
2022-10-08,1,5009,624,1,0,0,0,1,0,2756,1,0,5,10,2022,40,5047.0,4975.714285714285,4997.377413488494
2022-10-08,1,4921,619,1,0,0,0,1,1,1140,0,0,5,10,2022,40,5009.0,4982.714285714285,4994.337234460693
2022-10-09,1,4986,628,1,0,0,0,0,2,1508,0,0,6,10,2022,40,4921.0,4983.428571428572,4989.837116833927
2022-10-10,1,4948,561,1,0,0,0,1,2,3011,0,1,0,10,2022,41,4986.0,4976.714285714285,4976.782032011492
2022-10-11,1,4887,597,1,1,0,0,0,1,4457,0,2,1,10,2022,41,4948.0,4961.0,4977.143271371232
2022-10-11,1,5015,628,1,0,0,0,2,0,2033,1,0,1,10,2022,41,4887.0,4973.285714285715,4998.441441023982
2022-10-12,1,4931,590,1,0,0,0,2,2,2436,0,0,2,10,2022,41,5015.0,4956.714285714285,4990.179449869705
2022-10-13,1,4944,578,1,1,0,0,3,1,1392,0,-1,3,10,2022,41,4931.0,4947.428571428572,4995.128047443781
2022-10-17,1,5029,593,1,0,0,0,2,0,3641,1,1,0,10,2022,42,4944.0,4962.857142857143,4989.843062740784
2022-10-18,1,5064,631,1,0,0,0,0,0,180,1,0,1,10,2022,42,5029.0,4974.0,4987.06032759496
2022-10-19,1,4977,593,1,1,0,0,1,1,2666,0,-1,2,10,2022,42,5064.0,4978.142857142857,4974.832293069266
2022-10-19,1,5035,573,1,0,0,0,0,0,2941,0,-1,2,10,2022,42,4977.0,4999.285714285715,4976.482336193973
2022-10-20,1,5090,570,1,0,0,0,2,1,3800,0,-1,3,10,2022,42,5035.0,5010.0,4996.923206080326
2022-10-20,1,5013,593,1,1,0,0,1,2,2688,0,-1,3,10,2022,42,5090.0,5021.714285714285,4990.681197320472
2022-10-21,1,4981,568,1,0,3,0,1,0,3600,1,-1,4,10,2022,42,5013.0,5027.0,4996.670596161502
2022-10-23,1,5120,585,1,0,0,0,2,1,2843,0,0,6,10,2022,42,4981.0,5040.0,4990.509230609739
2022-10-23,1,5021,581,1,0,0,0,1,2,4440,1,-1,6,10,2022,42,5120.0,5033.857142857143,4989.2920704001335
2022-10-23,1,5005,617,1,1,0,0,0,0,2568,0,-1,6,10,2022,42,5021.0,5037.857142857143,4976.734470383142
2022-10-25,1,4966,574,1,0,0,0,3,2,1759,0,0,1,10,2022,43,5005.0,5028.0,4977.517134077058
2022-10-26,1,5110,616,1,0,0,1,1,0,3475,0,1,2,10,2022,43,4966.0,5030.857142857143,5016.780709694237
2022-10-26,1,4865,597,1,1,0,0,1,0,2418,1,2,2,10,2022,43,5110.0,5009.714285714285,4991.62712162544
2022-10-26,1,5067,594,1,0,0,0,2,1,3241,0,0,2,10,2022,43,4865.0,5022.0,4997.252196568013
2022-10-27,1,5082,590,1,0,0,0,3,2,194,0,2,3,10,2022,43,5067.0,5016.571428571428,4992.411313417474
2022-10-27,1,5089,600,1,1,0,0,2,1,2092,1,2,3,10,2022,43,5082.0,5026.285714285715,4991.200250400914
2022-10-27,1,4895,641,1,0,0,0,0,0,4827,0,-1,3,10,2022,43,5089.0,5010.571428571428,4978.503663059464
2022-10-27,1,4933,625,1,1,3,0,0,2,4131,1,2,3,10,2022,43,4895.0,5005.857142857143,4979.058625827023
2022-10-27,1,5046,599,1,1,0,0,1,0,1625,0,2,3,10,2022,43,4933.0,4996.714285714285,5001.448956380264
2022-10-28,1,4989,608,1,0,0,0,1,0,3382,0,1,4,10,2022,43,5046.0,5014.428571428572,4992.332483295114
2022-10-29,1,4896,615,1,0,0,0,3,2,130,0,1,5,10,2022,43,4989.0,4990.0,4997.587079120211
2022-10-29,1,5070,605,1,0,0,0,1,2,2249,0,2,5,10,2022,43,4896.0,4988.285714285715,4995.235391337244
2022-10-29,1,4994,580,1,1,0,0,0,1,2412,0,2,5,10,2022,43,5070.0,4974.714285714285,4991.634771244217
2022-10-30,1,4908,625,1,0,0,0,1,1,3140,0,2,6,10,2022,43,4994.0,4976.571428571428,4978.006257526744
2022-10-31,1,4951,604,1,0,0,0,3,1,400,0,2,0,10,2022,44,4908.0,4979.142857142857,4978.144663637687
2022-10-31,1,4905,607,1,0,0,0,2,1,1622,1,1,0,10,2022,44,4951.0,4959.0,5002.523682699914
2022-11-01,1,4906,647,1,0,0,0,3,0,4627,0,-1,1,11,2022,44,4905.0,4947.142857142857,4989.241737061984
2022-11-02,1,5091,604,1,0,0,0,0,0,638,0,-1,2,11,2022,44,4906.0,4975.0,4996.217590932994
2022-11-02,1,5002,608,1,0,2,0,0,0,1923,1,1,2,11,2022,44,5091.0,4965.285714285715,4994.676201563258
2022-11-03,1,4993,602,1,1,0,0,0,2,1359,0,2,3,11,2022,44,5002.0,4965.142857142857,4991.893338199224
2022-11-03,1,4914,615,1,0,0,0,1,2,4581,1,2,3,11,2022,44,4993.0,4966.0,4974.96900041957
2022-11-06,1,4914,559,1,1,0,0,2,0,3655,0,-1,6,11,2022,44,4914.0,4960.714285714285,4975.312927609951
2022-11-06,1,5088,636,1,1,0,0,1,1,1893,1,1,6,11,2022,44,4914.0,4986.857142857143,5000.777936109834
2022-11-07,1,5029,569,1,1,0,1,3,1,2282,0,0,0,11,2022,45,5088.0,5004.428571428572,5004.160521209903
2022-11-07,1,4890,569,1,0,0,0,3,1,854,0,1,0,11,2022,45,5029.0,4975.714285714285,4994.76404424554
2022-11-07,1,5031,627,1,0,0,0,2,2,830,0,2,0,11,2022,45,4890.0,4979.857142857143,4995.772723547386
2022-11-08,1,4900,594,1,1,0,0,2,0,848,0,1,1,11,2022,45,5031.0,4966.571428571428,4990.875288064139
2022-11-09,1,5027,618,1,0,0,0,0,0,2683,1,0,2,11,2022,45,4900.0,4982.714285714285,4972.719615722824
2022-11-09,1,5088,579,1,0,0,0,2,1,1319,0,0,2,11,2022,45,5027.0,5007.571428571428,4973.943266876372
2022-11-09,1,4933,579,1,0,0,0,2,0,4484,0,1,2,11,2022,45,5088.0,4985.428571428572,4999.682914153968
2022-11-10,1,4923,593,1,0,3,0,0,2,1007,1,0,3,11,2022,45,4933.0,4970.285714285715,4986.644146196505
2022-11-11,1,5135,619,1,1,0,0,0,2,647,0,1,4,11,2022,45,4923.0,5005.285714285715,4994.652598525119
2022-11-13,1,4921,599,1,0,0,0,2,2,4787,0,0,6,11,2022,45,5135.0,4989.571428571428,4995.188515390376
2022-11-13,1,5009,591,1,0,0,0,3,2,3627,0,2,6,11,2022,45,4921.0,5005.142857142857,4991.516913229384
2022-11-13,1,4845,608,1,1,0,0,2,1,330,1,-1,6,11,2022,45,5009.0,4979.142857142857,4971.391953543866
2022-11-13,1,4982,610,1,1,0,0,2,2,2808,0,0,6,11,2022,45,4845.0,4964.0,4973.022897399107
2022-11-14,1,5115,589,1,0,0,0,1,0,1558,0,2,0,11,2022,46,4982.0,4990.0,4999.903666729635
2022-11-14,1,5036,597,1,1,0,0,1,0,1946,0,-1,0,11,2022,46,5115.0,5006.142857142857,4985.176687059773
2022-11-15,1,5044,607,1,0,0,0,3,2,780,0,0,1,11,2022,46,5036.0,4993.142857142857,4993.908615525495
2022-11-15,1,5029,577,1,1,0,1,1,1,4515,0,2,1,11,2022,46,5044.0,5008.571428571428,5012.5349915193565
2022-11-16,1,4896,580,1,0,0,0,1,0,3192,0,2,2,11,2022,46,5029.0,4992.428571428572,4990.289175623413
2022-11-18,1,4996,564,1,0,0,0,3,2,380,0,0,4,11,2022,46,4896.0,5014.0,4972.837544405513
2022-11-18,1,5007,600,1,0,0,0,1,1,368,1,0,4,11,2022,46,4996.0,5017.571428571428,4975.332175563837
2022-11-19,1,4919,624,1,0,0,1,1,2,4138,0,2,5,11,2022,46,5007.0,4989.571428571428,5017.131313554096
2022-11-21,1,5038,566,1,0,0,0,1,0,3796,0,0,0,11,2022,47,4919.0,4989.857142857143,4985.519187432151
2022-11-21,1,5117,597,1,0,0,0,1,2,479,0,2,0,11,2022,47,5038.0,5000.285714285715,4995.674274662623
2022-11-21,1,4863,633,1,0,0,1,0,2,4694,0,-1,0,11,2022,47,5117.0,4976.571428571428,5011.626837826708
2022-11-23,1,5062,615,1,0,0,0,1,0,1610,0,2,2,11,2022,47,4863.0,5000.285714285715,4990.1584889102505
2022-11-23,1,5032,637,1,1,0,0,0,2,299,0,-1,2,11,2022,47,5062.0,5005.428571428572,4969.618567807966
2022-11-23,1,4978,577,1,1,2,0,3,0,3004,0,2,2,11,2022,47,5032.0,5001.285714285715,4975.079822066328
2022-11-23,1,5022,619,1,0,1,0,3,0,919,0,1,2,11,2022,47,4978.0,5016.0,5001.811662121016
2022-11-24,1,5013,569,1,0,0,0,1,0,4762,0,2,3,11,2022,47,5022.0,5012.428571428572,4986.6784684216345
2022-11-24,1,5072,611,1,0,0,0,0,2,3208,0,0,3,11,2022,47,5013.0,5006.0,4997.495989659652
2022-11-25,1,5163,612,1,0,0,0,2,1,572,0,2,4,11,2022,47,5072.0,5048.857142857143,4995.1737993117085
2022-11-26,1,4870,544,1,0,0,0,2,1,4153,1,2,5,11,2022,47,5163.0,5021.428571428572,4989.7554351186245
2022-11-26,1,5067,563,1,0,0,0,3,1,739,0,-1,5,11,2022,47,4870.0,5026.428571428572,4972.917832965985
2022-11-27,1,5051,575,1,0,0,0,2,1,4099,0,2,6,11,2022,47,5067.0,5036.857142857143,4977.373889766058
2022-11-27,1,4984,640,1,0,0,0,1,1,3351,0,1,6,11,2022,47,5051.0,5031.428571428572,5001.9155261332635
2022-11-28,1,4973,604,1,0,0,0,3,2,4709,1,-1,0,11,2022,48,4984.0,5025.714285714285,4989.4053960111
2022-11-30,1,4992,626,1,0,0,0,1,0,1753,0,1,2,11,2022,48,4973.0,5014.285714285715,5001.06304419879
2022-12-01,1,5049,551,1,0,0,0,1,0,3983,1,-1,3,12,2022,48,4992.0,4998.0,4994.5179276062
2022-12-01,1,5163,610,1,0,2,0,3,0,4010,0,2,3,12,2022,48,5049.0,5039.857142857143,4991.3589564740905
2022-12-02,1,5029,599,1,1,2,0,0,0,1808,0,0,4,12,2022,48,5163.0,5034.428571428572,4973.955042732327
2022-12-02,1,4990,604,1,0,3,0,0,1,1546,0,1,4,12,2022,48,5029.0,5025.714285714285,4979.502900322854
2022-12-02,1,4957,609,1,1,0,0,0,1,3215,0,0,4,12,2022,48,4990.0,5021.857142857143,5003.368836096218
2022-12-03,1,5010,585,1,0,2,1,2,2,2642,0,-1,5,12,2022,48,4957.0,5027.142857142857,5008.196961928219
2022-12-04,1,5155,618,1,0,0,1,0,1,2261,0,2,6,12,2022,48,5010.0,5050.428571428572,5020.450467742151
2022-12-04,1,5150,612,1,0,0,0,1,1,2177,0,1,6,12,2022,48,5155.0,5064.857142857143,4998.637103350916
2022-12-05,1,5032,613,1,0,0,0,3,0,999,1,-1,0,12,2022,49,5150.0,5046.142857142857,4992.162386361095
2022-12-06,1,4967,603,1,0,0,0,0,2,4237,0,2,1,12,2022,49,5032.0,5037.285714285715,4978.675991447917
2022-12-07,1,4968,622,1,1,0,0,3,0,3207,0,1,2,12,2022,49,4967.0,5034.142857142857,4982.034274783472
2022-12-09,1,5065,615,1,0,0,0,2,1,4679,0,0,4,12,2022,49,4968.0,5049.571428571428,5005.124688131552
2022-12-09,1,4981,600,1,1,0,0,1,1,4680,0,1,4,12,2022,49,5065.0,5045.428571428572,4991.920389876742
2022-12-09,1,5036,601,1,0,0,0,0,0,3029,1,-1,4,12,2022,49,4981.0,5028.428571428572,5005.50202372473
2022-12-10,1,4959,613,1,1,1,0,2,0,4206,0,0,5,12,2022,49,5036.0,5001.142857142857,5001.010832458175
2022-12-11,1,4963,565,1,0,0,0,2,0,2489,1,-1,6,12,2022,49,4959.0,4991.285714285715,4995.973354178852
2022-12-12,1,5018,607,1,1,0,0,0,1,4143,0,1,0,12,2022,50,4963.0,4998.571428571428,4979.012619230555
2022-12-14,1,4941,595,1,1,1,0,3,0,2000,0,0,2,12,2022,50,5018.0,4994.714285714285,4981.91699119083
2022-12-16,1,4870,603,1,0,1,0,0,0,1129,0,2,4,12,2022,50,4941.0,4966.857142857143,5004.5127729781025
2022-12-16,1,4971,615,1,1,0,0,1,0,2930,0,2,4,12,2022,50,4870.0,4965.428571428572,4991.596768282275
2022-12-16,1,4877,614,1,0,0,0,0,0,594,1,1,4,12,2022,50,4971.0,4942.714285714285,5006.16849234823
2022-12-18,1,5034,624,1,1,0,0,3,1,3371,1,0,6,12,2022,50,4877.0,4953.428571428572,5001.632286025177
2022-12-18,1,4980,613,1,0,0,0,1,2,3082,0,-1,6,12,2022,50,5034.0,4955.857142857143,4994.150420520388
2022-12-18,1,5099,566,1,1,0,1,3,2,1675,1,1,6,12,2022,50,4980.0,4967.428571428572,4994.042940312262
2022-12-18,1,4962,606,1,1,3,0,3,1,1334,0,-1,6,12,2022,50,5099.0,4970.428571428572,4979.901642333662
2022-12-19,1,5018,645,1,0,0,0,1,2,4262,0,2,0,12,2022,51,4962.0,4991.571428571428,5003.896596646126
2022-12-19,1,4960,565,1,0,1,0,2,1,2236,0,0,0,12,2022,51,5018.0,4990.0,4990.807734319497
2022-12-19,1,4883,648,1,0,0,0,3,2,2712,0,1,0,12,2022,51,4960.0,4990.857142857143,5006.143515459424
2022-12-20,1,4922,570,1,1,0,0,3,1,4299,1,1,1,12,2022,51,4883.0,4974.857142857143,5000.602548365127
2022-12-20,1,5089,589,1,1,0,0,1,2,3755,0,-1,1,12,2022,51,4922.0,4990.428571428572,4992.651980880569
2022-12-21,1,5187,593,1,0,0,0,1,2,4981,0,-1,2,12,2022,51,5089.0,5003.0,4977.185102855898
2022-12-21,1,5060,604,1,0,0,0,1,1,4764,0,1,2,12,2022,51,5187.0,5017.0,4979.5103572593025
2022-12-21,1,4948,614,1,0,0,0,0,0,632,0,-1,2,12,2022,51,5060.0,5007.0,5002.222711433728
2022-12-21,1,5098,623,1,1,1,1,3,1,1515,0,-1,2,12,2022,51,4948.0,5026.714285714285,5007.8645915906345
2022-12-21,1,4888,571,1,0,3,0,0,1,4175,0,1,2,12,2022,51,5098.0,5027.428571428572,5004.668959719833
2022-12-23,1,4927,578,1,0,0,0,1,1,4144,0,2,4,12,2022,51,4888.0,5028.142857142857,5002.773668305284
2022-12-24,1,4913,641,1,1,3,0,2,1,2362,0,1,5,12,2022,51,4927.0,5003.0,4993.733339792721
2022-12-26,1,5032,591,1,0,0,0,3,1,319,0,0,0,12,2022,52,4913.0,4980.857142857143,4979.9756569960255
2022-12-26,1,5010,617,1,1,3,1,3,1,530,0,2,0,12,2022,52,5032.0,4973.714285714285,4995.899812591948
2022-12-26,1,4929,634,1,0,1,0,3,0,3979,0,2,0,12,2022,52,5010.0,4971.0,5001.583658470669
2022-12-27,1,4946,617,1,0,0,0,3,2,4753,1,-1,1,12,2022,52,4929.0,4949.285714285715,4989.651952239576
2022-12-27,1,5094,618,1,0,0,1,0,2,1980,1,2,1,12,2022,52,4946.0,4978.714285714285,5018.475350208194
2022-12-29,1,5031,640,1,0,0,0,3,1,145,1,-1,3,12,2022,52,5094.0,4993.571428571428,4999.5741483328675
2022-12-29,1,4965,624,1,1,0,0,3,2,2405,0,-1,3,12,2022,52,5031.0,5001.0,4994.260965194859
2022-12-29,1,4939,626,1,1,0,0,2,0,2417,1,1,3,12,2022,52,4965.0,4987.714285714285,4982.3074913727205
2022-12-29,1,5022,565,1,0,0,0,0,2,338,0,1,3,12,2022,52,4939.0,4989.428571428572,4980.465191741594
2022-12-31,1,5022,607,1,0,2,0,0,2,1760,0,1,5,12,2022,52,5022.0,5002.714285714285,5000.186818466486
2022-12-31,1,5025,631,1,0,3,0,2,1,4670,0,-1,5,12,2022,52,5022.0,5014.0,4990.672657467996
2023-01-01,1,5048,608,1,1,0,0,1,1,1914,0,0,6,1,2023,52,5025.0,5007.428571428572,4999.370469151142
2023-01-02,1,4933,578,1,0,0,0,3,0,4673,0,-1,0,1,2023,1,5048.0,4993.428571428572,4999.076560142218
2023-01-02,1,4966,568,1,1,0,0,0,0,1170,0,0,0,1,2023,1,4933.0,4993.571428571428,4993.417776791106
2023-01-05,1,4855,619,1,1,0,0,3,2,4016,0,0,3,1,2023,1,4966.0,4981.571428571428,4982.910582726502
2023-01-05,1,4895,599,1,0,1,0,1,2,1027,0,0,3,1,2023,1,4855.0,4963.428571428572,4980.507357822958
2023-01-05,1,5031,563,1,1,0,0,1,1,2964,0,2,3,1,2023,1,4895.0,4964.714285714285,4997.912335296884
2023-01-06,1,4919,584,1,0,0,0,3,0,762,0,2,4,1,2023,1,5031.0,4949.571428571428,4988.644069789488
2023-01-07,1,4984,589,1,0,0,0,2,2,2662,0,0,5,1,2023,1,4919.0,4940.428571428572,4999.691598677701
2023-01-08,1,5007,557,1,0,0,0,1,1,2300,0,-1,6,1,2023,1,4984.0,4951.0,4997.604062089859
2023-01-08,1,4934,611,1,1,0,0,3,2,762,1,-1,6,1,2023,1,5007.0,4946.428571428572,4990.752138369169
2023-01-08,1,5010,554,1,0,0,0,3,0,1372,0,-1,6,1,2023,1,4934.0,4968.571428571428,4980.914559414919
2023-01-08,1,4903,625,1,0,0,0,1,2,3472,0,-1,6,1,2023,1,5010.0,4969.714285714285,4979.197474360498
2023-01-09,1,5107,626,1,0,0,0,3,1,4584,0,1,0,1,2023,2,4903.0,4980.571428571428,4997.692040475488
2023-01-09,1,5094,572,1,0,0,0,2,1,4597,0,2,0,1,2023,2,5107.0,5005.571428571428,4988.165373323431
2023-01-10,1,4987,598,1,0,0,0,1,1,3168,0,0,1,1,2023,2,5094.0,5006.0,4999.896391998427
2023-01-10,1,5004,646,1,0,0,0,3,2,1881,0,2,1,1,2023,2,4987.0,5005.571428571428,4997.025424358028
2023-01-11,1,5056,619,1,1,0,0,1,1,4568,0,1,2,1,2023,2,5004.0,5023.0,4990.78831216265
2023-01-12,1,4973,609,1,0,0,0,2,1,2325,0,0,3,1,2023,2,5056.0,5017.714285714285,4979.4729573029035
2023-01-13,1,5157,638,1,0,0,0,1,1,2344,0,1,4,1,2023,2,4973.0,5054.0,4979.014773218432
2023-01-13,1,5091,553,1,0,0,0,2,2,2318,0,-1,4,1,2023,2,5157.0,5051.714285714285,4999.171901616064
2023-01-13,1,5118,608,1,0,2,0,1,0,4546,0,-1,4,1,2023,2,5091.0,5055.142857142857,4989.4307576271285
2023-01-15,1,4926,583,1,0,0,0,2,0,1501,0,-1,6,1,2023,2,5118.0,5046.428571428572,5001.910023454244
2023-01-16,1,4979,590,1,1,0,0,1,0,3966,0,2,0,1,2023,3,4926.0,5042.857142857143,4999.002183818475
2023-01-16,1,4952,624,1,1,0,0,0,2,1585,0,-1,0,1,2023,3,4979.0,5028.0,4991.923244569791
2023-01-17,1,4870,576,1,0,0,0,1,2,3520,0,-1,1,1,2023,3,4952.0,5013.285714285715,4981.760079387147
2023-01-17,1,5090,563,1,0,0,0,1,1,4839,0,1,1,1,2023,3,4870.0,5003.714285714285,4979.060823194652
2023-01-19,1,4972,585,1,0,2,1,3,1,3951,0,1,3,1,2023,3,5090.0,4986.714285714285,5018.514865824003
2023-01-20,1,4988,618,1,0,0,0,2,2,686,0,1,4,1,2023,3,4972.0,4968.142857142857,4991.208011255206
2023-01-20,1,5029,572,1,0,0,1,3,0,1606,0,1,4,1,2023,3,4988.0,4982.857142857143,5018.306727829121
2023-01-21,1,4812,611,1,0,0,0,3,2,113,0,2,5,1,2023,3,5029.0,4959.0,4998.440200219042
2023-01-21,1,4953,585,1,0,0,0,3,1,2470,0,0,5,1,2023,3,4812.0,4959.142857142857,4992.672152444419
2023-01-21,1,5000,628,1,0,0,0,0,1,3034,0,-1,5,1,2023,3,4953.0,4977.714285714285,4980.043284047463
2023-01-22,1,4922,580,1,0,3,0,0,2,564,1,2,6,1,2023,3,5000.0,4953.714285714285,4980.085149165689
2023-01-23,1,5009,643,1,0,0,0,2,0,1480,0,0,0,1,2023,4,4922.0,4959.0,5001.830179719775
2023-01-24,1,5052,613,1,0,0,0,2,2,368,1,-1,1,1,2023,4,5009.0,4968.142857142857,4991.270543622205
2023-01-24,1,4991,619,1,0,0,0,3,0,2992,1,1,1,1,2023,4,5052.0,4962.714285714285,4998.533588041583
2023-01-25,1,4892,626,1,0,2,0,3,2,1532,0,1,2,1,2023,4,4991.0,4974.142857142857,4997.0658134369
2023-01-26,1,4989,578,1,0,0,0,3,1,542,1,1,3,1,2023,4,4892.0,4979.285714285715,4990.819784152375
2023-01-27,1,4964,595,1,0,2,0,0,1,2346,0,1,4,1,2023,4,4989.0,4974.142857142857,4977.530770697904
2023-01-28,1,5039,562,1,1,0,0,3,2,2395,0,1,5,1,2023,4,4964.0,4990.857142857143,4980.58861849004
2023-01-28,1,4989,628,1,0,0,0,3,1,2834,0,-1,5,1,2023,4,5039.0,4988.0,5000.306419369923
2023-01-29,1,4976,601,1,0,0,0,0,2,1865,0,0,6,1,2023,4,4989.0,4977.142857142857,4990.967954979616
2023-01-30,1,5007,598,1,1,0,0,1,2,4192,0,-1,0,1,2023,5,4976.0,4979.428571428572,4997.8899914685935
2023-01-30,1,5061,618,1,0,0,0,1,2,1334,1,2,0,1,2023,5,5007.0,5003.571428571428,4993.651441490547
2023-01-31,1,4900,588,1,0,0,0,0,1,3252,0,0,1,1,2023,5,5061.0,4990.857142857143,4989.658445481015
2023-01-31,1,4966,629,1,1,0,1,1,2,3081,0,1,1,1,2023,5,4900.0,4991.142857142857,4994.750884104696
2023-01-31,1,5032,568,1,0,0,0,3,2,466,0,2,1,1,2023,5,4966.0,4990.142857142857,4980.00644737909
2023-01-31,1,5061,631,1,0,0,0,3,2,1683,0,2,1,1,2023,5,5032.0,5000.428571428572,5000.190011480027
2023-02-01,1,4889,585,1,0,3,0,0,2,1484,1,2,2,2,2023,5,5061.0,4988.0,4991.621354233698
2023-02-01,1,5113,592,1,1,0,0,1,2,3777,0,2,2,2,2023,5,4889.0,5003.142857142857,4997.863172813411
2023-02-01,1,4949,555,1,0,0,0,3,1,2977,0,2,2,2,2023,5,5113.0,4987.142857142857,4991.698525602731
2023-02-02,1,4960,620,1,0,0,0,0,2,4949,0,1,3,2,2023,5,4949.0,4995.714285714285,4989.920688373231
2023-02-02,1,4940,593,1,1,0,0,1,0,4504,0,-1,3,2,2023,5,4960.0,4992.0,4977.084668734363
2023-02-05,1,5059,577,1,0,0,0,0,1,3078,1,-1,6,2,2023,5,4940.0,4995.857142857143,4980.7827620751605
2023-02-06,1,5070,571,1,0,0,1,3,0,2996,0,-1,0,2,2023,6,5059.0,4997.142857142857,5016.942710852952
2023-02-06,1,5038,628,1,0,0,1,2,2,2616,0,1,0,2,2023,6,5070.0,5018.428571428572,5008.616205667588
2023-02-07,1,4901,569,1,1,0,0,1,0,3873,0,-1,1,2,2023,6,5038.0,4988.142857142857,4997.874069157834
2023-02-08,1,4921,549,1,0,3,0,3,2,4084,0,0,2,2,2023,6,4901.0,4984.142857142857,4993.460265839088
2023-02-09,1,4851,583,1,0,0,0,0,0,3166,0,-1,3,2,2023,6,4921.0,4968.571428571428,4988.16273134848
2023-02-10,1,5018,600,1,1,0,0,3,2,3875,0,0,4,2,2023,6,4851.0,4979.714285714285,4976.1101832224695
2023-02-10,1,4900,598,1,1,0,1,2,2,739,0,1,4,2,2023,6,5018.0,4957.0,4996.879006850939
2023-02-11,1,4963,616,1,0,1,0,0,1,3413,0,2,5,2,2023,6,4900.0,4941.714285714285,4999.966015708998
2023-02-11,1,5064,594,1,0,2,0,3,0,387,0,-1,5,2,2023,6,4963.0,4945.428571428572,4988.265295629193
2023-02-11,1,5005,604,1,1,0,0,3,0,1466,0,-1,5,2,2023,6,5064.0,4960.285714285715,4997.5736209500465
2023-02-14,1,5055,570,1,0,0,0,3,0,928,0,2,1,2,2023,7,5005.0,4979.428571428572,4990.986203226948
2023-02-14,1,5118,620,1,1,0,0,0,2,4187,0,1,1,2,2023,7,5055.0,5017.571428571428,4986.029735711365
2023-02-15,1,4957,662,1,0,0,0,2,2,2523,0,2,2,2,2023,7,5118.0,5008.857142857143,4975.386809421729
2023-02-15,1,4954,560,1,1,0,0,1,1,4626,0,0,2,2,2023,7,4957.0,5016.571428571428,4981.844084138293
2023-02-16,1,4990,574,1,0,3,1,1,0,2266,0,-1,3,2,2023,7,4954.0,5020.428571428572,5018.340694472948
2023-02-17,1,5081,621,1,0,0,0,1,0,4833,0,2,4,2,2023,7,4990.0,5022.857142857143,4989.460576213863
2023-02-18,1,4860,573,1,1,0,0,3,2,3052,1,-1,5,2,2023,7,5081.0,5002.142857142857,4996.957030770234
2023-02-19,1,5032,588,1,0,0,0,0,0,2569,0,2,6,2,2023,7,4860.0,4998.857142857143,4990.794404758923
2023-02-19,1,5005,584,1,1,0,0,3,2,4736,0,2,6,2,2023,7,5032.0,4982.714285714285,4983.994434015716
2023-02-20,1,5049,585,1,0,0,0,2,2,1502,0,0,0,2,2023,8,5005.0,4995.857142857143,4976.1358565803475
2023-02-20,1,5016,604,1,1,0,0,1,2,620,0,1,0,2,2023,8,5049.0,5004.714285714285,4979.880969900997
2023-02-20,1,4847,582,1,1,0,0,0,2,723,1,1,0,2,2023,8,5016.0,4984.285714285715,5000.143787031313
2023-02-20,1,4996,560,1,0,0,0,3,1,2714,0,-1,0,2,2023,8,4847.0,4972.142857142857,4990.762515702777
2023-02-20,1,5084,655,1,0,0,1,3,1,4964,0,0,0,2,2023,8,4996.0,5004.142857142857,5014.566521134899
2023-02-21,1,5067,593,1,0,0,0,0,0,4028,0,-1,1,2,2023,8,5084.0,5009.142857142857,4990.885932870088
2023-02-21,1,5103,615,1,0,0,0,3,0,3185,0,0,1,2,2023,8,5067.0,5023.142857142857,4986.76444320309
2023-02-22,1,5078,608,1,0,0,0,3,1,616,0,1,2,2,2023,8,5103.0,5027.285714285715,4976.16514971607
2023-02-22,1,5006,616,1,0,0,1,2,1,4344,0,2,2,2,2023,8,5078.0,5025.857142857143,4997.9790385486795
2023-02-25,1,4952,633,1,1,3,0,0,0,3941,0,-1,5,2,2023,8,5006.0,5040.857142857143,5001.03898956023
2023-02-27,1,5037,567,1,1,0,0,2,2,2817,0,0,0,2,2023,9,4952.0,5046.714285714285,4992.516783488668
2023-02-27,1,5005,577,1,0,0,0,3,1,3718,0,1,0,2,2023,9,5037.0,5035.428571428572,4996.763819938952
2023-02-27,1,4950,597,1,0,0,0,1,2,3047,1,0,0,2,2023,9,5005.0,5018.714285714285,4993.058616451797
2023-02-27,1,5004,609,1,0,0,0,1,1,4422,1,1,0,2,2023,9,4950.0,5004.571428571428,4988.241325723023
2023-02-28,1,5028,616,1,0,0,0,1,2,3076,0,-1,1,2,2023,9,5004.0,4997.428571428572,4977.873865401676
2023-02-28,1,4979,636,1,0,3,0,0,1,3715,0,2,1,2,2023,9,5028.0,4993.571428571428,4981.673479108246
2023-02-28,1,5089,586,1,0,0,0,2,1,1882,1,-1,1,2,2023,9,4979.0,5013.142857142857,4999.338837079553
2023-02-28,1,5034,579,1,0,0,0,1,1,1887,1,1,1,2,2023,9,5089.0,5012.714285714285,4992.924693129239
2023-03-01,1,5007,554,1,1,0,0,3,2,4650,0,-1,2,3,2023,9,5034.0,5013.0,4997.92628757206
2023-03-02,1,5221,566,1,0,0,0,2,2,4408,1,0,3,3,2023,9,5007.0,5051.714285714285,4994.873058770465
2023-03-03,1,4947,646,1,0,0,0,1,1,1759,0,1,4,3,2023,9,5221.0,5043.571428571428,4990.487959511684
2023-03-03,1,5070,634,1,0,0,0,3,0,4349,0,-1,4,3,2023,9,4947.0,5049.571428571428,4981.282661844241
2023-03-05,1,5056,568,1,0,0,0,1,0,309,1,1,6,3,2023,9,5070.0,5060.571428571428,4983.444521340498
2023-03-05,1,4984,598,1,0,0,0,2,0,1545,0,2,6,3,2023,9,5056.0,5045.571428571428,5000.319006496171
2023-03-06,1,4860,587,1,0,0,0,1,1,3801,0,1,0,3,2023,10,4984.0,5020.714285714285,4995.807109501833
2023-03-07,1,5018,601,1,0,3,0,1,0,4208,0,1,1,3,2023,10,4860.0,5022.285714285715,5000.320588409096
2023-03-07,1,4972,609,1,0,0,0,2,0,4164,1,2,1,3,2023,10,5018.0,4986.714285714285,4994.62722013031
2023-03-07,1,5012,620,1,1,0,0,3,2,281,0,1,1,3,2023,10,4972.0,4996.0,4991.235168904619
2023-03-08,1,5115,567,1,0,0,0,3,0,2227,1,0,2,3,2023,10,5012.0,5002.428571428572,4981.477802391481
2023-03-10,1,5029,600,1,1,0,0,1,1,4767,1,0,4,3,2023,10,5115.0,4998.571428571428,4982.698151137887
2023-03-11,1,4980,631,1,1,0,1,3,2,2412,0,-1,5,3,2023,10,5029.0,4998.0,5018.484764011643
2023-03-11,1,5094,601,1,1,1,1,3,0,109,0,1,5,3,2023,10,4980.0,5031.428571428572,5013.3324034219395
2023-03-13,1,4904,568,1,0,0,0,1,2,2888,1,0,0,3,2023,11,5094.0,5015.142857142857,5000.304701813466
2023-03-13,1,5065,590,1,1,0,0,3,2,2407,0,-1,0,3,2023,11,4904.0,5028.428571428572,4998.643958065147
2023-03-13,1,5024,581,1,1,2,1,2,1,4902,0,0,0,3,2023,11,5065.0,5030.142857142857,5008.068988927989
2023-03-14,1,4876,603,1,0,0,0,3,2,2184,0,1,1,3,2023,11,5024.0,4996.0,4983.463322663206
2023-03-14,1,5076,660,1,1,0,0,2,1,4587,1,2,1,3,2023,11,4876.0,5002.714285714285,4984.702302651728
2023-03-15,1,5067,597,1,0,0,1,3,2,1927,0,1,2,3,2023,11,5076.0,5015.142857142857,5018.529062629211
2023-03-15,1,5142,601,1,0,0,0,1,0,2645,0,0,2,3,2023,11,5067.0,5022.0,4994.45598968504
2023-03-16,1,5031,589,1,0,0,0,3,2,2279,0,1,3,3,2023,11,5142.0,5040.142857142857,5001.118996642068
2023-03-16,1,4903,598,1,1,0,0,2,2,1727,1,0,3,3,2023,11,5031.0,5017.0,4998.742069242451
2023-03-16,1,4974,614,1,0,0,0,0,1,3867,1,-1,3,3,2023,11,4903.0,5009.857142857143,4993.160885625307
2023-03-17,1,4927,619,1,0,0,0,0,2,1545,0,2,4,3,2023,11,4974.0,5017.142857142857,4986.21047399798
2023-03-17,1,5073,568,1,0,0,0,3,1,2649,0,1,4,3,2023,11,4927.0,5016.714285714285,4986.0415699640025
2023-03-17,1,5017,589,1,0,0,1,2,2,2841,0,-1,4,3,2023,11,5073.0,5009.571428571428,5018.44634117246
2023-03-18,1,4970,607,1,0,0,1,0,2,2085,1,0,5,3,2023,11,5017.0,4985.0,5013.070450025045
2023-03-19,1,5023,625,1,0,0,1,1,1,3218,0,1,6,3,2023,11,4970.0,4983.857142857143,5017.1198192415695
2023-03-19,1,4990,571,1,1,1,0,0,0,3516,0,-1,6,3,2023,11,5023.0,4996.285714285715,4999.392928702462
2023-03-19,1,5028,584,1,1,0,0,0,1,2914,0,2,6,3,2023,11,4990.0,5004.0,4992.173819173266
2023-03-19,1,4978,601,1,0,0,0,1,0,2330,0,0,6,3,2023,11,5028.0,5011.285714285715,4984.389398545171
2023-03-20,1,4934,603,1,0,0,0,1,2,1668,0,-1,0,3,2023,12,4978.0,4991.428571428572,4987.166438790243
2023-03-21,1,4994,640,1,1,3,1,3,1,4919,0,0,1,3,2023,12,4934.0,4988.142857142857,5018.96980382909
2023-03-21,1,4982,596,1,0,0,0,3,1,1434,0,1,1,3,2023,12,4994.0,4989.857142857143,4997.855357650889
2023-03-21,1,4866,628,1,0,0,0,2,0,1492,0,1,1,3,2023,12,4982.0,4967.428571428572,4999.928366898791
2023-03-22,1,5096,584,1,0,0,0,2,1,2359,0,0,2,3,2023,12,4866.0,4982.571428571428,4998.169909183747
2023-03-22,1,5141,595,1,1,1,0,3,0,2492,0,2,2,3,2023,12,5096.0,4998.714285714285,4990.681158041406
2023-03-23,1,4981,547,1,0,3,0,2,0,1639,0,1,3,3,2023,12,5141.0,4999.142857142857,4982.912245739465
2023-03-23,1,5171,601,1,0,1,0,1,1,3621,0,0,3,3,2023,12,4981.0,5033.0,4988.553441602324
2023-03-24,1,5014,571,1,1,0,0,2,0,356,0,0,4,3,2023,12,5171.0,5035.857142857143,5001.735253107979
2023-03-24,1,5065,563,1,0,0,0,0,2,950,0,1,4,3,2023,12,5014.0,5047.714285714285,4998.291528624161
2023-03-25,1,4943,572,1,0,0,0,1,1,2139,0,0,5,3,2023,12,5065.0,5058.714285714285,5001.559196357126
2023-03-26,1,5011,607,1,0,0,0,3,2,4176,0,-1,6,3,2023,12,4943.0,5046.571428571428,4999.420709710064
2023-03-26,1,4898,553,1,0,0,0,0,0,693,0,2,6,3,2023,12,5011.0,5011.857142857143,4993.441575671359
2023-03-26,1,5018,553,1,1,0,0,0,2,1164,0,-1,6,3,2023,12,4898.0,5017.142857142857,4984.072795999374
2023-03-29,1,4975,606,1,1,0,0,0,2,4882,1,0,2,3,2023,13,5018.0,4989.142857142857,4987.199964641614
2023-03-30,1,4976,605,1,0,0,1,0,2,1466,0,-1,3,3,2023,13,4975.0,4983.714285714285,5019.716877255
2023-03-30,1,5135,583,1,0,0,0,3,1,2724,0,1,3,3,2023,13,4976.0,4993.714285714285,4997.655468097869
2023-03-31,1,4966,611,1,1,0,0,1,1,2750,0,1,4,3,2023,13,5135.0,4997.0,4998.5881697947225
2023-03-31,1,4896,578,1,1,0,0,0,0,3762,0,-1,4,3,2023,13,4966.0,4980.571428571428,5000.120409048736
2023-03-31,1,5093,585,1,0,0,0,2,1,4180,0,0,4,3,2023,13,4896.0,5008.428571428572,4995.927497274653
2023-04-01,1,5049,591,1,0,0,0,2,2,1771,0,1,5,4,2023,13,5093.0,5012.857142857143,4983.7234734032145
2023-04-03,1,5159,568,1,1,0,0,3,2,2359,0,-1,0,4,2023,14,5049.0,5039.142857142857,4990.243031797879
2023-04-03,1,4971,576,1,0,0,0,0,1,3514,0,1,0,4,2023,14,5159.0,5038.428571428572,5003.196368078574
2023-04-04,1,5029,574,1,1,2,0,1,2,496,0,2,1,4,2023,14,4971.0,5023.285714285715,4999.022275698116
2023-04-05,1,4985,656,1,1,0,0,0,0,3663,0,1,2,4,2023,14,5029.0,5026.0,4999.20271083549
2023-04-05,1,4821,609,1,0,0,0,3,2,1395,0,0,2,4,2023,14,4985.0,5015.285714285715,5001.87652765893
2023-04-05,1,4888,628,1,0,0,1,3,1,614,0,1,2,4,2023,14,4821.0,4986.0,5012.257076100153
2023-04-07,1,5013,595,1,0,0,0,3,2,517,0,-1,4,4,2023,14,4888.0,4980.857142857143,4984.788423377139
2023-04-08,1,4875,622,1,0,0,0,1,2,1178,0,-1,5,4,2023,14,5013.0,4940.285714285715,4989.664803298826
2023-04-12,1,5043,576,1,1,0,1,0,0,232,0,1,2,4,2023,15,4875.0,4950.571428571428,5018.803832990218
2023-04-15,1,4986,613,1,1,0,0,0,0,134,0,-1,5,4,2023,15,5043.0,4944.428571428572,4999.038898461055
2023-04-19,1,4994,606,1,0,0,0,1,1,997,0,2,2,4,2023,16,4986.0,4945.714285714285,4997.669571201665
2023-04-20,1,4916,642,1,0,0,1,1,1,3956,0,0,3,4,2023,16,4994.0,4959.285714285715,5016.060871847096
2023-04-20,1,5100,630,1,1,0,0,1,2,3962,0,2,3,4,2023,16,4916.0,4989.571428571428,4994.616959413498
2023-04-21,1,5042,567,1,0,0,0,0,2,3518,0,0,4,4,2023,16,5100.0,4993.714285714285,4984.071902986463
2023-04-22,1,5123,604,1,0,0,0,3,1,3370,0,-1,5,4,2023,16,5042.0,5029.142857142857,4992.110924349177
2023-04-23,1,4925,585,1,1,0,0,0,1,265,0,0,6,4,2023,16,5123.0,5012.285714285715,5000.694634645409
2023-04-23,1,4981,602,1,0,0,0,0,1,3628,0,0,6,4,2023,16,4925.0,5011.571428571428,5000.956909747489
2023-04-23,1,5113,633,1,1,0,0,0,2,318,0,1,6,4,2023,16,4981.0,5028.571428571428,4997.3527298206545
2023-04-24,1,5033,652,1,0,0,0,0,2,909,0,-1,0,4,2023,17,5113.0,5045.285714285715,4996.821941916537
2023-04-26,1,5027,625,1,0,3,0,2,1,2727,0,1,2,4,2023,17,5033.0,5034.857142857143,4993.734887979469
2023-04-27,1,4976,600,1,0,0,0,0,1,1197,1,1,3,4,2023,17,5027.0,5025.428571428572,4985.872964411494
2023-04-28,1,5062,625,1,1,0,0,3,1,4255,0,2,4,4,2023,17,4976.0,5016.714285714285,4990.664540945341
2023-04-28,1,5057,588,1,0,0,0,1,2,3083,1,0,4,4,2023,17,5062.0,5035.571428571428,5002.720917580002
2023-04-28,1,4939,600,1,0,0,0,1,2,4067,0,-1,4,4,2023,17,5057.0,5029.571428571428,5001.293215269731
2023-04-29,1,4940,620,1,0,0,0,3,2,2547,0,-1,5,4,2023,17,4939.0,5004.857142857143,4998.692410732841
2023-04-29,1,5028,579,1,0,0,0,0,2,2679,1,2,5,4,2023,17,4940.0,5004.142857142857,4996.383475257879
2023-04-29,1,5081,599,1,0,0,1,1,1,2529,0,-1,5,4,2023,17,5028.0,5011.857142857143,5012.563176473791
2023-04-30,1,5062,608,1,1,0,1,1,0,2450,1,-1,6,4,2023,17,5081.0,5024.142857142857,5003.4933917511125
2023-04-30,1,4963,607,1,0,1,0,1,2,2050,0,2,6,4,2023,17,5062.0,5010.0,4993.254720716669
2023-04-30,1,5042,674,1,0,0,0,1,0,2973,0,2,6,4,2023,17,4963.0,5007.857142857143,5002.1544877146935
2023-05-02,1,4989,598,1,0,1,0,1,0,2132,0,-1,1,5,2023,18,5042.0,5015.0,5001.409773732753
2023-05-03,1,4999,593,1,1,0,0,3,0,546,0,0,2,5,2023,18,4989.0,5023.428571428572,5000.190259267021
2023-05-03,1,4899,591,1,0,3,0,3,1,4522,0,2,2,5,2023,18,4999.0,5005.0,4997.163432936527
2023-05-03,1,5113,633,1,0,0,0,1,2,4927,1,2,2,5,2023,18,4899.0,5009.571428571428,4996.480210130752
2023-05-04,1,4925,602,1,1,0,0,0,2,2722,1,-1,3,5,2023,18,5113.0,4990.0,4986.064787894248
2023-05-04,1,5132,601,1,1,0,1,2,0,736,0,2,3,5,2023,18,4925.0,5014.142857142857,5011.35229712754
2023-05-04,1,5136,613,1,0,0,0,2,2,3281,0,1,3,5,2023,18,5132.0,5027.571428571428,5002.464669118348
2023-05-05,1,5021,594,1,0,0,0,0,1,4864,0,-1,4,5,2023,18,5136.0,5032.142857142857,5000.828952439764
2023-05-06,1,4947,613,1,0,0,0,2,0,3082,0,-1,5,5,2023,18,5021.0,5024.714285714285,5000.586987912978
2023-05-07,1,4918,613,1,1,0,0,1,1,4715,1,0,6,5,2023,18,4947.0,5027.428571428572,4998.415717648375
2023-05-07,1,4997,585,1,0,3,0,0,1,4585,0,2,6,5,2023,18,4918.0,5010.857142857143,4997.836685731395
2023-05-08,1,4854,595,1,1,0,0,1,1,704,0,2,0,5,2023,19,4997.0,5000.714285714285,4988.057619209874
2023-05-09,1,5045,569,1,0,0,0,3,0,3066,0,2,1,5,2023,19,4854.0,4988.285714285715,4994.301737803123
2023-05-09,1,5019,561,1,0,0,0,2,1,646,0,-1,1,5,2023,19,5045.0,4971.571428571428,5002.697166097139
2023-05-10,1,4994,585,1,0,0,0,0,0,3575,0,-1,2,5,2023,19,5019.0,4967.714285714285,5000.3975125769275
2023-05-10,1,4948,586,1,0,2,0,2,2,3998,0,-1,2,5,2023,19,4994.0,4967.857142857143,4999.97183542078
2023-05-12,1,4911,618,1,1,0,0,2,1,1449,0,2,4,5,2023,19,4948.0,4966.857142857143,4996.268021772508
2023-05-12,1,4996,602,1,0,0,0,2,1,1788,0,1,4,5,2023,19,4911.0,4966.714285714285,4998.675742665934
2023-05-13,1,4919,604,1,0,0,0,0,0,3728,0,-1,5,5,2023,19,4996.0,4976.0,4987.148360071133
2023-05-13,1,4999,619,1,0,0,0,2,1,3069,0,-1,5,5,2023,19,4919.0,4969.428571428572,4994.959735505702
2023-05-14,1,4868,588,1,0,0,0,2,1,1092,0,2,6,5,2023,19,4999.0,4947.857142857143,5004.038890486982
2023-05-14,1,5023,624,1,1,1,0,3,0,4957,0,1,6,5,2023,19,4868.0,4952.0,4999.510450471995
2023-05-16,1,5013,606,1,0,3,0,2,2,4998,1,0,1,5,2023,20,5023.0,4961.285714285715,4997.818837500951
2023-05-16,1,5013,624,1,1,0,0,3,1,4132,1,2,1,5,2023,20,5013.0,4975.857142857143,4993.938054005914
2023-05-17,1,5003,636,1,0,0,0,2,0,1966,0,-1,2,5,2023,20,5013.0,4976.857142857143,4997.461065386905
2023-05-18,1,5040,656,1,0,0,0,3,1,3547,0,2,3,5,2023,20,5003.0,4994.142857142857,4984.7224109655635
2023-05-18,1,4996,603,1,1,0,0,3,0,3087,0,-1,3,5,2023,20,5040.0,4993.714285714285,4994.415732924966
2023-05-18,1,5043,634,1,0,0,0,1,1,618,0,0,3,5,2023,20,4996.0,5018.714285714285,5004.611947847154
2023-05-18,1,4885,642,1,0,0,0,2,1,2176,0,0,3,5,2023,20,5043.0,4999.0,4999.551338441282
2023-05-19,1,5017,589,1,0,1,0,1,2,3947,0,-1,4,5,2023,20,4885.0,4999.571428571428,4997.77633799581
2023-05-19,1,4997,606,1,0,0,0,1,1,3643,0,2,4,5,2023,20,5017.0,4997.285714285715,4993.168308028952
2023-05-20,1,4985,559,1,0,0,0,2,2,288,1,-1,5,5,2023,20,4997.0,4994.714285714285,4997.480128163514
2023-05-20,1,5009,550,1,0,0,0,3,0,601,0,-1,5,5,2023,20,4985.0,4990.285714285715,4983.547352345501
2023-05-20,1,5084,601,1,0,0,0,0,0,4842,0,2,5,5,2023,20,5009.0,5002.857142857143,4994.933405912748
2023-05-21,1,4901,583,1,0,0,1,1,0,617,0,1,6,5,2023,20,5084.0,4982.571428571428,5019.2064388215285
2023-05-22,1,4982,599,1,0,2,0,1,1,3025,1,0,0,5,2023,21,4901.0,4996.428571428572,5000.640469624606
2023-05-22,1,5060,622,1,1,0,0,3,1,3510,0,2,0,5,2023,21,4982.0,5002.571428571428,4996.805901764167
2023-05-23,1,5163,613,1,0,3,0,2,1,593,0,-1,1,5,2023,21,5060.0,5026.285714285715,4993.30558625187
2023-05-24,1,4907,609,1,0,0,0,2,2,2268,0,2,2,5,2023,21,5163.0,5015.142857142857,4997.4850870691325
2023-05-26,1,4993,586,1,0,0,0,2,0,3396,1,-1,4,5,2023,21,4907.0,5012.857142857143,4985.157527699818
2023-05-27,1,5030,590,1,1,0,0,2,1,1828,0,2,5,5,2023,21,4993.0,5005.142857142857,4994.574114304004
2023-05-28,1,4901,612,1,0,0,0,2,0,2684,0,2,6,5,2023,21,5030.0,5005.142857142857,5003.562601247007
2023-05-30,1,4922,617,1,1,2,0,0,2,658,0,0,1,5,2023,22,4901.0,4996.571428571428,4998.583085168993
2023-06-01,1,5049,597,1,1,0,0,3,0,4684,0,-1,3,6,2023,22,4922.0,4995.0,4997.15846584635
2023-06-02,1,5039,633,1,0,0,0,2,2,2233,0,-1,4,6,2023,22,5049.0,4977.285714285715,4992.737522033096
2023-06-02,1,5107,595,1,0,0,1,3,1,4797,0,0,4,6,2023,22,5039.0,5005.857142857143,5014.793777032591
2023-06-04,1,4899,593,1,0,0,0,1,0,1803,0,1,6,6,2023,22,5107.0,4992.428571428572,4984.693845773761
2023-06-04,1,4943,574,1,0,0,0,3,0,2819,1,0,6,6,2023,22,4899.0,4980.0,4996.596279920938
2023-06-05,1,5030,565,1,0,0,0,3,2,1939,0,-1,0,6,2023,23,4943.0,4998.428571428572,5002.035495688085
2023-06-05,1,4971,594,1,0,0,0,2,1,4815,0,-1,0,6,2023,23,5030.0,5005.428571428572,4998.403156234774
2023-06-07,1,5004,609,1,0,1,0,1,2,3432,0,0,2,6,2023,23,4971.0,4999.0,4998.338969021178
2023-06-07,1,4970,592,1,0,0,0,2,1,4272,0,-1,2,6,2023,23,5004.0,4989.142857142857,4995.335732016467
2023-06-08,1,5003,591,1,0,0,0,3,0,1823,0,0,3,6,2023,23,4970.0,4974.285714285715,4996.053488195363
2023-06-11,1,5008,587,1,0,0,0,1,1,4138,0,1,6,6,2023,23,5003.0,4989.857142857143,4984.919754701461
2023-06-12,1,4980,644,1,0,1,0,3,0,115,0,0,0,6,2023,24,5008.0,4995.142857142857,4996.5071628000405
2023-06-12,1,4953,587,1,1,3,0,2,1,4942,0,1,0,6,2023,24,4980.0,4984.142857142857,4999.624701042348
2023-06-14,1,4961,600,1,0,0,1,0,0,989,0,2,2,6,2023,24,4953.0,4982.714285714285,5014.482350560099
2023-06-14,1,5006,596,1,1,0,0,1,0,2532,0,2,2,6,2023,24,4961.0,4983.0,4998.221398730267
2023-06-14,1,5040,636,1,0,0,0,3,0,508,1,2,2,6,2023,24,5006.0,4993.0,4995.604272207698
2023-06-15,1,5063,628,1,1,0,0,1,2,2441,1,1,3,6,2023,24,5040.0,5001.571428571428,4996.352343078186
2023-06-15,1,4994,610,1,1,1,0,1,2,1056,0,2,3,6,2023,24,5063.0,4999.571428571428,4982.746854081338
2023-06-15,1,4842,593,1,1,0,0,2,1,4251,0,0,3,6,2023,24,4994.0,4979.857142857143,4995.298937293595
2023-06-16,1,5121,565,1,0,1,0,2,2,2614,0,-1,4,6,2023,24,4842.0,5003.857142857143,5000.951971346283
2023-06-16,1,5003,617,1,0,3,0,1,0,4620,0,0,4,6,2023,24,5121.0,5009.857142857143,4996.423450407238
2023-06-17,1,4965,647,1,0,2,1,0,0,4613,0,0,5,6,2023,24,5003.0,5004.0,5015.929665250894
2023-06-18,1,4911,601,1,1,0,0,2,1,3921,0,2,6,6,2023,24,4965.0,4985.571428571428,4994.953513963084
2023-06-18,1,4989,564,1,0,0,0,3,2,2895,0,0,6,6,2023,24,4911.0,4975.0,4997.00026463234
2023-06-18,1,5133,579,1,0,0,1,0,1,1794,0,1,6,6,2023,24,4989.0,4994.857142857143,5000.405886703541
2023-06-19,1,4987,644,1,1,3,0,3,1,706,0,-1,0,6,2023,25,5133.0,5015.571428571428,4994.800123403153
2023-06-20,1,4989,625,1,0,0,0,1,2,4374,0,1,1,6,2023,25,4987.0,4996.714285714285,4999.384377676384
2023-06-20,1,4940,626,1,0,0,0,0,2,3164,1,2,1,6,2023,25,4989.0,4987.714285714285,4996.148072158579
2023-06-20,1,5028,607,1,0,0,0,2,0,2628,0,1,1,6,2023,25,4940.0,4996.714285714285,4999.082457807664
2023-06-21,1,4967,584,1,0,0,0,1,1,2933,0,0,2,6,2023,25,5028.0,5004.714285714285,4995.972847194224
2023-06-21,1,4953,566,1,0,0,0,3,2,2386,0,0,2,6,2023,25,4967.0,4999.571428571428,4997.879824518205
2023-06-22,1,4963,608,1,0,0,0,1,1,2558,1,-1,3,6,2023,25,4953.0,4975.285714285715,4983.146364374327
2023-06-22,1,4995,646,1,1,2,0,0,1,3286,0,1,3,6,2023,25,4963.0,4976.428571428572,4992.73553621862
2023-06-22,1,5026,616,1,0,0,0,3,2,3678,0,2,3,6,2023,25,4995.0,4981.714285714285,5000.634942052162
2023-06-23,1,5111,596,1,0,0,0,2,0,722,1,1,4,6,2023,25,5026.0,5006.142857142857,4995.861425166379
2023-06-24,1,5150,566,1,0,0,0,0,2,3601,1,-1,5,6,2023,25,5111.0,5023.571428571428,4997.536503305046
2023-06-25,1,5069,601,1,0,0,0,1,2,1723,0,1,6,6,2023,25,5150.0,5038.142857142857,4994.883451898164
2023-06-27,1,4894,551,1,0,0,0,2,2,2741,0,-1,1,6,2023,26,5069.0,5029.714285714285,4998.493551067873
2023-06-27,1,4967,631,1,1,0,0,1,0,677,0,0,1,6,2023,26,4894.0,5030.285714285715,4985.895532857099
2023-06-27,1,4982,623,1,1,0,0,1,2,645,0,-1,1,6,2023,26,4967.0,5028.428571428572,4993.518018867174
2023-06-27,1,4992,573,1,0,3,0,2,2,4588,0,-1,1,6,2023,26,4982.0,5023.571428571428,5001.265040419031
2023-06-29,1,5179,605,1,1,0,0,0,0,4099,0,1,3,6,2023,26,4992.0,5033.285714285715,4994.921639047335
2023-06-30,1,4957,598,1,0,0,0,1,0,4086,0,2,4,6,2023,26,5179.0,5005.714285714285,4997.977682299349
2023-06-30,1,5006,593,1,0,0,1,1,2,3557,0,1,4,6,2023,26,4957.0,4996.714285714285,5012.510856315769
2023-07-01,1,4953,614,1,0,1,1,0,0,2025,0,0,5,7,2023,26,5006.0,5005.142857142857,5015.675100450129
2023-07-02,1,4970,593,1,0,0,0,3,0,4535,0,1,6,7,2023,26,4953.0,5005.571428571428,4986.014159068311
2023-07-02,1,4943,586,1,0,0,0,2,1,478,0,1,6,7,2023,26,4970.0,5000.0,4994.195340872784
2023-07-03,1,4961,604,1,0,0,0,2,1,431,0,2,0,7,2023,27,4943.0,4995.571428571428,5001.832300608606
2023-07-04,1,5019,631,1,0,1,1,0,0,944,0,0,1,7,2023,27,4961.0,4972.714285714285,5013.516194322329
2023-07-04,1,4892,595,1,0,0,1,0,0,3818,0,-1,1,7,2023,27,5019.0,4963.428571428572,5017.6108881788805
2023-07-05,1,5087,565,1,1,0,0,2,2,597,0,2,2,7,2023,27,4892.0,4975.0,4995.299601474123
2023-07-05,1,4958,568,1,1,0,0,0,2,4920,0,1,2,7,2023,27,5087.0,4975.714285714285,4995.424767091982
2023-07-05,1,5030,574,1,0,0,0,0,1,3250,0,1,2,7,2023,27,4958.0,4984.285714285715,4984.972895129287
2023-07-06,1,5011,609,1,1,0,0,2,2,4944,0,0,3,7,2023,27,5030.0,4994.0,4992.911584364517
2023-07-06,1,4980,581,1,0,0,0,3,0,4562,0,0,3,7,2023,27,5011.0,4996.714285714285,5001.274676180525
2023-07-08,1,4956,601,1,0,0,0,3,0,4931,0,2,5,7,2023,27,4980.0,4987.714285714285,4998.900956384246
2023-07-09,1,4977,603,1,0,0,0,3,0,2185,0,1,6,7,2023,27,4956.0,4999.857142857143,5000.3142560988035
2023-07-09,1,5010,569,1,0,0,0,3,1,595,1,0,6,7,2023,27,4977.0,4988.857142857143,4994.8569899582535
2023-07-09,1,4980,616,1,1,0,0,1,2,1968,0,2,6,7,2023,27,5010.0,4992.0,4994.851481233202
2023-07-11,1,4975,635,1,0,0,0,1,1,2555,0,2,1,7,2023,28,4980.0,4984.142857142857,4984.294588826859
2023-07-11,1,4981,592,1,0,1,0,2,0,4893,0,-1,1,7,2023,28,4975.0,4979.857142857143,4992.5400394018825
2023-07-12,1,4992,594,1,1,0,0,0,0,3708,0,1,2,7,2023,28,4981.0,4981.571428571428,4999.932444263028
2023-07-13,1,5026,617,1,0,0,0,1,2,2185,0,2,3,7,2023,28,4992.0,4991.571428571428,4998.6486195932885
2023-07-13,1,5007,592,1,0,0,0,2,0,4374,0,-1,3,7,2023,28,5026.0,4995.857142857143,4998.013398255921
2023-07-14,1,5049,635,1,0,0,0,2,1,645,1,0,4,7,2023,28,5007.0,5001.428571428572,4995.987275776389
2023-07-15,1,5047,611,1,1,0,0,1,1,4859,0,1,5,7,2023,28,5049.0,5011.0,4994.271499158683
2023-07-17,1,5055,589,1,1,0,0,3,1,364,0,1,0,7,2023,29,5047.0,5022.428571428572,4984.500338263362
2023-07-18,1,4982,614,1,1,0,0,0,0,3295,0,0,1,7,2023,29,5055.0,5022.571428571428,4992.582760832295
2023-07-19,1,5014,644,1,1,0,0,1,2,2925,1,-1,2,7,2023,29,4982.0,5025.714285714285,5000.311669783733
2023-07-20,1,5080,606,1,1,0,0,0,2,2382,0,2,3,7,2023,29,5014.0,5033.428571428572,4997.991382312988
2023-07-20,1,4883,639,1,0,0,0,3,2,2815,0,-1,3,7,2023,29,5080.0,5015.714285714285,4998.309526707119
2023-07-20,1,5023,580,1,1,2,0,0,0,4279,0,2,3,7,2023,29,4883.0,5012.0,4996.5863473532045
2023-07-23,1,5093,594,1,0,0,1,2,1,621,0,-1,6,7,2023,29,5023.0,5018.571428571428,5011.972368885677
2023-07-23,1,5022,568,1,0,0,0,0,2,1985,0,1,6,7,2023,29,5093.0,5013.857142857143,4984.907490229575
2023-07-24,1,4973,598,1,0,0,0,3,1,3320,1,2,0,7,2023,30,5022.0,5012.571428571428,4993.513894237642
2023-07-24,1,5037,619,1,0,0,0,0,0,902,0,2,0,7,2023,30,4973.0,5015.857142857143,5001.0382564934125
2023-07-24,1,4952,597,1,0,0,0,2,2,3128,0,1,0,7,2023,30,5037.0,4997.571428571428,4998.867927885818
2023-07-25,1,5054,581,1,0,0,0,2,1,3978,1,-1,1,7,2023,30,4952.0,5022.0,4999.569829471177
2023-07-25,1,4982,528,1,0,3,0,0,1,3421,0,-1,1,7,2023,30,5054.0,5016.142857142857,4997.4454469047005
2023-07-25,1,4998,623,1,0,0,0,1,2,4094,0,0,1,7,2023,30,4982.0,5002.571428571428,4995.948094498936
2023-07-25,1,5063,578,1,0,0,0,2,1,3196,0,2,1,7,2023,30,4998.0,5008.428571428572,4986.345343630106
2023-07-26,1,5033,598,1,0,0,0,3,2,1499,0,0,2,7,2023,30,5063.0,5017.0,4993.497323592655
2023-07-26,1,5021,569,1,0,0,0,1,0,2975,1,2,2,7,2023,30,5033.0,5014.714285714285,5001.255846664117
2023-07-27,1,4899,629,1,0,0,0,0,0,1070,1,-1,3,7,2023,30,5021.0,5007.142857142857,5000.819196294656
2023-07-27,1,5126,594,1,0,2,0,2,0,2367,1,1,3,7,2023,30,4899.0,5017.428571428572,4998.103074001312
2023-07-27,1,5095,631,1,0,1,0,1,1,2556,0,0,3,7,2023,30,5126.0,5033.571428571428,4998.011254671958
2023-07-28,1,5045,576,1,0,0,0,3,1,3640,1,-1,4,7,2023,30,5095.0,5040.285714285715,4997.450033894024
2023-07-28,1,4982,610,1,0,0,0,0,0,4402,0,1,4,7,2023,30,5045.0,5028.714285714285,4987.366704904755
2023-07-28,1,4972,600,1,0,0,0,2,1,3350,0,2,4,7,2023,30,4982.0,5020.0,4994.2159890601415
2023-07-29,1,4982,610,1,1,0,0,2,2,304,0,0,5,7,2023,30,4972.0,5014.428571428572,5002.055742916364
2023-07-30,1,4994,587,1,0,0,1,3,2,3516,0,0,6,7,2023,30,4982.0,5028.0,5018.264710690279
2023-07-31,1,5033,583,1,1,0,0,0,0,1577,1,1,0,7,2023,31,4994.0,5014.714285714285,4998.130028626904
2023-08-01,1,5065,563,1,1,0,0,3,0,2461,0,2,1,8,2023,31,5033.0,5010.428571428572,4997.657540842527
2023-08-01,1,5011,610,1,1,0,0,2,1,3044,0,2,1,8,2023,31,5065.0,5005.571428571428,4997.125498765589
2023-08-01,1,5014,540,1,0,0,0,1,2,517,1,0,1,8,2023,31,5011.0,5010.142857142857,4988.838571769802
2023-08-01,1,5091,611,1,1,0,0,2,2,2290,0,-1,1,8,2023,31,5014.0,5027.142857142857,4994.458448339572
2023-08-02,1,5054,577,1,0,0,0,2,1,1488,0,-1,2,8,2023,31,5091.0,5037.428571428572,5002.985655609172
2023-08-03,1,5000,578,1,0,3,0,2,2,2413,1,1,3,8,2023,31,5054.0,5038.285714285715,5000.291837400479
2023-08-03,1,4949,576,1,0,0,0,2,0,4687,0,2,3,8,2023,31,5000.0,5026.285714285715,5001.286860664243
2023-08-03,1,5008,622,1,0,0,0,3,2,2709,1,-1,3,8,2023,31,4949.0,5018.142857142857,5000.48241850128
2023-08-03,1,5079,595,1,1,3,0,3,0,2023,0,1,3,8,2023,31,5008.0,5027.857142857143,4998.568978616969
2023-08-04,1,5007,600,1,0,0,0,2,0,4362,1,0,4,8,2023,31,5079.0,5026.857142857143,4988.987412846922
2023-08-05,1,4971,619,1,0,0,0,3,0,2806,0,1,5,8,2023,31,5007.0,5009.714285714285,4994.930098798242
2023-08-07,1,4911,606,1,1,0,0,2,1,2007,0,1,0,8,2023,32,4971.0,4989.285714285715,5002.82792735283
2023-08-07,1,4902,552,1,0,3,0,1,2,2879,0,1,0,8,2023,32,4911.0,4975.285714285715,5000.467784489102
2023-08-07,1,5022,560,1,0,0,0,2,0,2217,0,2,0,8,2023,32,4902.0,4985.714285714285,5001.960690246777
2023-08-08,1,5088,619,1,0,0,0,2,1,3676,0,2,1,8,2023,32,5022.0,4997.142857142857,5000.729311498787
2023-08-08,1,5005,604,1,0,0,0,1,0,2244,0,2,1,8,2023,32,5088.0,4986.571428571428,4998.452605773952
2023-08-08,1,5086,600,1,1,0,0,0,2,2623,0,-1,1,8,2023,32,5005.0,4997.857142857143,4988.851514435174
2023-08-08,1,4972,582,1,0,0,0,1,0,1213,0,2,1,8,2023,32,5086.0,4998.0,4996.05247107423
2023-08-09,1,4883,591,1,0,0,0,0,2,2401,0,1,2,8,2023,32,4972.0,4994.0,5004.522424600698
2023-08-09,1,4948,602,1,0,0,0,3,0,600,1,0,2,8,2023,32,4883.0,5000.571428571428,5000.961511584123
2023-08-12,1,4986,622,1,0,0,1,1,2,3219,0,1,5,8,2023,32,4948.0,4995.428571428572,5017.9692211385745
2023-08-14,1,4975,574,1,0,0,0,0,2,1938,0,1,0,8,2023,33,4986.0,4979.285714285715,5000.5603402233
2023-08-14,1,4953,621,1,0,0,0,1,0,3444,0,0,0,8,2023,33,4975.0,4971.857142857143,4999.695187314469
2023-08-16,1,5068,592,1,1,3,0,1,1,3871,1,-1,2,8,2023,33,4953.0,4969.285714285715,4988.222132274724
2023-08-16,1,5041,615,1,0,0,0,0,1,3321,0,2,2,8,2023,33,5068.0,4979.142857142857,4995.097516304609
2023-08-17,1,5033,605,1,0,0,0,0,0,279,0,0,3,8,2023,33,5041.0,5000.571428571428,5002.789452100899
2023-08-18,1,4950,588,1,1,0,0,2,2,2216,0,2,4,8,2023,33,5033.0,5000.857142857143,4998.390592121843
2023-08-19,1,4976,578,1,0,0,0,0,0,1622,0,2,5,8,2023,33,4950.0,4999.428571428572,5001.3191071181545
2023-08-20,1,5049,600,1,0,0,0,2,1,2870,0,-1,6,8,2023,33,4976.0,5010.0,5001.979462712438
2023-08-20,1,5121,620,1,1,0,0,0,1,3534,0,-1,6,8,2023,33,5049.0,5034.0,4999.357483263516
2023-08-21,1,4951,571,1,1,0,0,3,2,2392,0,1,0,8,2023,34,5121.0,5017.285714285715,4989.269207092191
2023-08-22,1,4973,550,1,0,0,0,0,1,2898,0,0,1,8,2023,34,4951.0,5007.571428571428,4995.59631270862
2023-08-22,1,4945,546,1,0,0,0,2,1,3495,0,-1,1,8,2023,34,4973.0,4995.0,5001.4110780973215
2023-08-22,1,4921,582,1,0,0,0,1,2,4520,0,2,1,8,2023,34,4945.0,4990.857142857143,4998.749810931112
2023-08-23,1,4931,594,1,1,0,0,3,2,2977,1,1,2,8,2023,34,4921.0,4984.428571428572,5000.399171563131
2023-08-23,1,5141,602,1,1,0,0,2,1,1520,0,2,2,8,2023,34,4931.0,4997.571428571428,5000.72248770842
2023-08-23,1,4844,638,1,0,3,0,1,2,1157,0,1,2,8,2023,34,5141.0,4958.0,4998.078652401597
2023-08-24,1,5158,580,1,1,0,0,1,1,1789,0,-1,3,8,2023,34,4844.0,4987.571428571428,4991.134895921102
2023-08-25,1,5009,628,1,0,3,0,2,1,4962,0,0,4,8,2023,34,5158.0,4992.714285714285,4995.0381336391565
2023-08-25,1,5050,586,1,1,0,0,2,1,2014,0,1,4,8,2023,34,5009.0,5007.714285714285,5001.308726181328
2023-08-26,1,5091,606,1,0,0,0,2,1,655,0,1,5,8,2023,34,5050.0,5032.0,4998.067706693137
2023-08-29,1,5015,611,1,0,0,0,1,0,4082,0,-1,1,8,2023,35,5091.0,5044.0,5000.7840964563275
2023-08-30,1,4960,639,1,0,0,0,2,1,1262,1,1,2,8,2023,35,5015.0,5018.142857142857,5001.924437706039
2023-08-31,1,4966,596,1,1,0,1,3,1,4643,0,0,3,8,2023,35,4960.0,5035.571428571428,5018.672012101125
2023-09-01,1,4978,548,1,0,0,0,2,2,4325,0,0,4,9,2023,35,4966.0,5009.857142857143,4990.517150954355
2023-09-01,1,5075,575,1,0,0,0,0,0,3507,0,-1,4,9,2023,35,4978.0,5019.285714285715,4995.783934170691
2023-09-02,1,5039,563,1,0,0,0,0,1,2148,1,2,5,9,2023,35,5075.0,5017.714285714285,5000.8145461305685
2023-09-02,1,5052,643,1,0,0,1,1,1,3390,0,0,5,9,2023,35,5039.0,5012.142857142857,5013.9961005719915
2023-09-02,1,4840,611,1,1,0,0,3,2,4084,0,1,5,9,2023,35,5052.0,4987.142857142857,4999.640653855375
2023-09-02,1,5082,633,1,0,0,0,2,0,1880,0,2,5,9,2023,35,4840.0,5004.571428571428,5004.766237755215
2023-09-03,1,4979,581,1,0,1,0,2,0,1913,0,1,6,9,2023,35,5082.0,5006.428571428572,4999.372661639534
2023-09-03,1,5000,588,1,0,0,0,2,1,2774,0,0,6,9,2023,35,4979.0,5009.571428571428,4993.065444914871
2023-09-03,1,5044,619,1,1,2,0,2,1,239,1,1,6,9,2023,35,5000.0,5005.142857142857,4995.162202846191
2023-09-03,1,5059,612,1,1,0,0,0,0,354,0,2,6,9,2023,35,5044.0,5008.0,5001.09971586704
2023-09-06,1,4975,611,1,0,0,0,3,2,1645,0,-1,2,9,2023,36,5059.0,4997.0,4998.175299214107
2023-09-06,1,4950,572,1,0,0,0,2,1,4004,0,2,2,9,2023,36,4975.0,5012.714285714285,5001.455286001477
2023-09-06,1,5066,629,1,0,3,0,2,2,4127,0,2,2,9,2023,36,4950.0,5010.428571428572,5003.460592037364
2023-09-07,1,4960,593,1,0,0,0,3,1,3296,0,2,3,9,2023,36,5066.0,5007.714285714285,4999.065328427794
2023-09-08,1,4963,610,1,1,0,0,0,1,4704,0,1,4,9,2023,36,4960.0,5002.428571428572,4992.584259822389
2023-09-10,1,5101,631,1,0,0,0,0,0,3991,0,-1,6,9,2023,36,4963.0,5010.571428571428,4996.910977270582
2023-09-11,1,5000,566,1,0,1,0,0,1,2144,0,1,0,9,2023,37,5101.0,5002.142857142857,5001.868026647098
2023-09-12,1,4957,616,1,0,2,0,1,2,2107,1,1,1,9,2023,37,5000.0,4999.571428571428,4999.2272287867545
2023-09-12,1,4890,620,1,0,0,0,2,2,4005,0,2,1,9,2023,37,4957.0,4991.0,4999.4042516153895
2023-09-14,1,5075,614,1,0,2,0,0,1,1169,1,0,3,9,2023,37,4890.0,4992.285714285715,5004.452457935846
2023-09-14,1,5072,576,1,0,0,1,0,1,1066,0,2,3,9,2023,37,5075.0,5008.285714285715,5015.853734029119
2023-09-14,1,5066,611,1,0,2,0,2,2,725,0,1,3,9,2023,37,5072.0,5023.0,4993.013836160345
2023-09-14,1,4956,579,1,0,3,1,3,0,1756,0,-1,3,9,2023,37,5066.0,5002.285714285715,5014.153249570966
2023-09-15,1,5056,610,1,0,0,0,2,2,4123,0,-1,4,9,2023,37,4956.0,5010.285714285715,5003.5588403197935
2023-09-16,1,4996,628,1,1,0,0,1,0,114,0,2,5,9,2023,37,5056.0,5015.857142857143,4998.40042284465
2023-09-18,1,4929,621,1,0,0,0,2,0,1468,0,-1,0,9,2023,38,4996.0,5021.428571428572,4999.277247298546
2023-09-19,1,4888,588,1,0,0,0,1,1,447,0,-1,1,9,2023,38,4929.0,4994.714285714285,5005.215448515442
2023-09-20,1,5065,584,1,0,0,0,2,1,3505,0,2,2,9,2023,38,4888.0,4993.714285714285,4998.665775685294
2023-09-21,1,4963,605,1,0,0,0,1,1,1708,0,-1,3,9,2023,38,5065.0,4979.0,4991.960098801174
2023-09-22,1,4975,595,1,1,1,0,1,1,1664,0,0,4,9,2023,38,4963.0,4981.714285714285,4998.412897244603
2023-09-22,1,5027,581,1,0,0,0,0,0,279,0,1,4,9,2023,38,4975.0,4977.571428571428,5002.659885944297
2023-09-23,1,4904,593,1,1,1,0,2,1,449,1,-1,5,9,2023,38,5027.0,4964.428571428572,4997.439642049366
2023-09-23,1,5047,588,1,1,0,0,1,0,4063,0,0,5,9,2023,38,4904.0,4981.285714285715,4997.1667257030085
2023-09-26,1,5037,595,1,0,0,0,1,0,2576,0,2,1,9,2023,39,5047.0,5002.571428571428,5005.8312077044175
2023-09-26,1,4969,595,1,0,0,0,0,2,3607,0,2,1,9,2023,39,5037.0,4988.857142857143,4998.476674296176
2023-09-26,1,4872,584,1,0,0,0,3,1,211,0,0,1,9,2023,39,4969.0,4975.857142857143,4993.497952035424
2023-09-28,1,4990,594,1,1,0,0,0,0,4281,0,1,3,9,2023,39,4872.0,4978.0,4997.594127075006
2023-09-28,1,4911,586,1,1,0,0,3,0,3074,0,-1,3,9,2023,39,4990.0,4961.428571428572,5002.253936270711
2023-09-28,1,5101,639,1,0,0,0,1,2,4288,1,0,3,9,2023,39,4911.0,4989.571428571428,4998.186576500952
2023-10-01,1,4821,573,1,0,2,0,2,2,2012,0,2,6,10,2023,39,5101.0,4957.285714285715,4995.15083234322
2023-10-01,1,5010,599,1,1,0,0,3,0,2414,0,0,6,10,2023,39,4821.0,4953.428571428572,5003.629677760362
2023-10-03,1,5000,614,1,0,2,0,0,0,3777,0,-1,1,10,2023,40,5010.0,4957.857142857143,4998.738316132969
2023-10-04,1,5136,560,1,0,0,0,3,0,4395,1,0,2,10,2023,40,5000.0,4995.571428571428,4992.589784850372
2023-10-04,1,5048,597,1,0,0,0,1,0,812,0,1,2,10,2023,40,5136.0,5003.857142857143,4996.350602205059
2023-10-05,1,5056,606,1,0,0,1,2,0,2075,0,0,3,10,2023,40,5048.0,5024.571428571428,5020.515280599555
2023-10-06,1,4865,644,1,1,0,1,2,2,299,1,1,4,10,2023,40,5056.0,4990.857142857143,5012.669693045794
2023-10-07,1,5018,621,1,0,0,0,0,1,1431,0,2,5,10,2023,40,4865.0,5019.0,4997.880653817403
2023-10-07,1,4980,625,1,0,0,0,3,1,3590,0,0,5,10,2023,40,5018.0,5014.714285714285,5003.9226494786835
2023-10-07,1,5136,595,1,0,0,0,1,1,3373,0,1,5,10,2023,40,4980.0,5034.142857142857,4998.68726547226
2023-10-09,1,5090,618,1,0,3,0,2,1,1930,1,0,0,10,2023,41,5136.0,5027.571428571428,4989.980156308252
2023-10-09,1,5030,617,1,0,0,0,3,0,1810,1,0,0,10,2023,41,5090.0,5025.0,4996.750324986593
2023-10-10,1,5028,612,1,0,3,0,1,2,2318,1,0,1,10,2023,41,5030.0,5021.0,5002.419970755395
2023-10-10,1,5002,581,1,0,0,0,2,0,3937,0,2,1,10,2023,41,5028.0,5040.571428571428,4998.940106341353
2023-10-10,1,4978,623,1,1,0,0,1,1,1872,1,1,1,10,2023,41,5002.0,5034.857142857143,4994.725734627771
2023-10-11,1,4989,576,1,0,0,0,3,2,1590,0,-1,2,10,2023,41,4978.0,5036.142857142857,5005.148074008725
2023-10-11,1,4891,651,1,1,0,0,0,1,4850,0,-1,2,10,2023,41,4989.0,5001.142857142857,4998.249686321028
2023-10-12,1,5027,580,1,1,0,1,1,1,2224,0,-1,3,10,2023,41,4891.0,4992.142857142857,5009.570245063687
2023-10-14,1,5036,577,1,0,0,0,1,0,4235,0,-1,5,10,2023,41,5027.0,4993.0,4997.577147509614
2023-10-14,1,5005,547,1,0,3,0,3,0,3761,0,0,5,10,2023,41,5036.0,4989.714285714285,5002.626152103618
2023-10-15,1,5143,614,1,0,0,0,0,0,4252,0,2,6,10,2023,41,5005.0,5009.857142857143,4996.535831367265
2023-10-15,1,4988,579,1,0,0,0,2,2,4951,0,-1,6,10,2023,41,5143.0,5011.285714285715,4995.120445029155
2023-10-16,1,5033,620,1,0,2,0,2,1,3406,0,2,0,10,2023,42,4988.0,5017.571428571428,5005.038430026124
2023-10-16,1,4971,626,1,1,0,0,1,1,2999,0,2,0,10,2023,42,5033.0,5029.0,5001.011233128416
2023-10-16,1,5052,638,1,0,0,0,1,1,3974,0,-1,0,10,2023,42,4971.0,5032.571428571428,4994.564175235495
2023-10-17,1,4905,629,1,1,0,0,3,0,4443,0,-1,1,10,2023,42,5052.0,5013.857142857143,4997.855032317417
2023-10-17,1,4946,580,1,0,3,0,0,2,1081,0,0,1,10,2023,42,4905.0,5005.428571428572,5004.010532022789
2023-10-18,1,4946,587,1,0,0,0,3,1,2704,0,2,2,10,2023,42,4946.0,4977.285714285715,4996.290597911265
2023-10-20,1,4865,621,1,0,0,0,1,1,2415,0,0,4,10,2023,42,4946.0,4959.714285714285,4995.4690153017855
2023-10-21,1,4915,610,1,0,0,0,0,2,793,0,2,5,10,2023,42,4865.0,4942.857142857143,5004.443777134455
2023-10-21,1,5144,627,1,0,0,0,1,2,1285,1,-1,5,10,2023,42,4915.0,4967.571428571428,4999.445983959827
2023-10-22,1,4970,587,1,0,0,0,2,1,1152,0,2,6,10,2023,42,5144.0,4955.857142857143,4992.896159480786
2023-10-22,1,4991,607,1,1,0,0,2,0,1895,0,2,6,10,2023,42,4970.0,4968.142857142857,4998.418711408853
2023-10-23,1,5018,596,1,1,0,1,1,1,3952,0,0,0,10,2023,43,4991.0,4978.428571428572,5019.7976634238
2023-10-23,1,4977,569,1,1,0,1,3,2,1216,0,-1,0,10,2023,43,5018.0,4982.857142857143,5014.552345863161
2023-10-23,1,4925,646,1,0,0,0,3,2,1060,0,-1,0,10,2023,43,4977.0,4991.428571428572,4995.540686408098
2023-10-25,1,5065,579,1,0,0,0,0,0,366,0,2,2,10,2023,43,4925.0,5012.857142857143,5004.772498398208
2023-10-25,1,4984,564,1,0,0,1,3,2,3786,0,-1,2,10,2023,43,5065.0,4990.0,5014.747312038913
2023-10-26,1,5056,587,1,0,2,0,3,0,1322,0,0,3,10,2023,43,4984.0,5002.285714285715,4994.480527023328
2023-10-28,1,5170,575,1,0,0,0,1,1,3352,0,0,5,10,2023,43,5056.0,5027.857142857143,4997.038134280245
2023-10-29,1,4928,623,1,1,0,0,3,0,748,0,1,6,10,2023,43,5170.0,5015.0,5001.356008446388
2023-10-29,1,4978,611,1,0,0,0,3,2,2020,1,0,6,10,2023,43,4928.0,5015.142857142857,4998.023999233506
2023-10-30,1,4932,635,1,0,0,0,0,1,1501,0,0,0,10,2023,44,4978.0,5016.142857142857,4994.162921174872
2023-11-01,1,4973,608,1,0,0,0,1,2,608,0,2,2,11,2023,44,4932.0,5003.0,5003.375537941585
2023-11-01,1,5007,583,1,0,0,0,0,0,167,0,0,2,11,2023,44,4973.0,5006.285714285715,5000.533455690814
2023-11-02,1,5055,557,1,1,0,0,0,2,4137,0,0,3,11,2023,44,5007.0,5006.142857142857,4993.214343360614
2023-11-04,1,4930,635,1,0,0,0,0,2,3918,0,1,5,11,2023,44,5055.0,4971.857142857143,4996.171253639725
2023-11-04,1,5096,593,1,0,0,0,0,1,172,1,2,5,11,2023,44,4930.0,4995.857142857143,5002.96335146255
2023-11-04,1,5009,626,1,0,2,0,1,1,4171,0,-1,5,11,2023,44,5096.0,5000.285714285715,4996.624818557655
2023-11-04,1,5162,587,1,0,0,0,3,0,2310,0,0,5,11,2023,44,5009.0,5033.142857142857,4993.333848833277
2023-11-05,1,4903,575,1,1,0,0,2,2,4260,0,2,6,11,2023,44,5162.0,5023.142857142857,5003.458571780628
2023-11-06,1,4933,605,1,1,0,0,1,0,904,0,-1,0,11,2023,45,4903.0,5012.571428571428,5000.36687844014
2023-11-07,1,5012,624,1,0,0,0,2,0,1893,0,0,1,11,2023,45,4933.0,5006.428571428572,4995.021380223389
2023-11-07,1,4963,598,1,0,0,0,2,2,2289,0,-1,1,11,2023,45,5012.0,5011.142857142857,4999.5394065902165
2023-11-07,1,5129,603,1,0,0,0,1,1,4618,0,1,1,11,2023,45,4963.0,5015.857142857143,5001.436089036971
2023-11-07,1,5053,602,1,0,0,0,3,2,1128,1,2,1,11,2023,45,5129.0,5022.142857142857,4996.449054760513
2023-11-09,1,5035,635,1,1,0,0,0,1,1413,0,0,3,11,2023,45,5053.0,5004.0,4991.218139594253
2023-11-11,1,4988,571,1,0,0,0,0,1,1043,0,0,5,11,2023,45,5035.0,5016.142857142857,5004.840474213434
2023-11-12,1,4934,613,1,0,0,0,3,2,3516,0,-1,6,11,2023,45,4988.0,5016.285714285715,5001.280325745873
2023-11-12,1,4980,656,1,1,0,0,0,1,902,0,-1,6,11,2023,45,4934.0,5011.714285714285,4995.684823543161
2023-11-13,1,4962,582,1,0,0,0,1,1,3827,0,1,0,11,2023,46,4980.0,5011.571428571428,4999.138409508768
2023-11-13,1,4922,607,1,0,0,0,1,1,1407,0,2,0,11,2023,46,4962.0,4982.0,5002.4263625781405
2023-11-13,1,5162,619,1,0,0,1,3,0,133,0,2,0,11,2023,46,4922.0,4997.571428571428,5014.166827643255
2023-11-14,1,4991,589,1,0,0,1,2,2,4138,0,-1,1,11,2023,46,5162.0,4991.285714285715,5010.58774889855
2023-11-17,1,4808,590,1,0,0,0,0,1,3740,0,-1,4,11,2023,46,4991.0,4965.571428571428,5003.485127328441
2023-11-19,1,4999,624,1,0,0,1,1,1,2541,0,2,6,11,2023,46,4808.0,4974.857142857143,5017.885261424519
2023-11-21,1,5054,612,1,0,0,0,0,1,1824,0,-1,1,11,2023,47,4999.0,4985.428571428572,4995.627318272618
2023-11-22,1,4960,578,1,0,0,0,3,1,4765,1,0,2,11,2023,47,5054.0,4985.142857142857,4997.982073588468
2023-11-23,1,5054,600,1,0,0,1,0,1,3000,0,0,3,11,2023,47,4960.0,5004.0,5021.445065623832
2023-11-23,1,5044,618,1,0,0,0,3,1,1134,0,1,3,11,2023,47,5054.0,4987.142857142857,4996.3873681995565
2023-11-24,1,4946,622,1,1,0,1,1,0,1389,1,1,4,11,2023,47,5044.0,4980.714285714285,5010.9309370592955
2023-11-25,1,5010,601,1,1,2,1,2,0,3183,0,0,5,11,2023,47,4946.0,5009.571428571428,5020.623906859202
2023-11-26,1,4936,598,1,1,0,0,3,0,3723,0,0,6,11,2023,47,5010.0,5000.571428571428,4998.408336305163
2023-11-27,1,4885,610,1,1,0,0,2,2,4097,0,1,0,11,2023,48,4936.0,4976.428571428572,4994.668314643258
2023-11-27,1,5002,595,1,0,0,0,2,1,865,0,1,0,11,2023,48,4885.0,4982.428571428572,4997.928864130613
2023-11-27,1,4960,622,1,0,0,0,2,0,2661,0,-1,0,11,2023,48,5002.0,4969.0,5002.218389342586
2023-11-28,1,4991,629,1,1,0,0,1,1,2050,0,2,1,11,2023,48,4960.0,4961.428571428572,4997.513816240164
2023-11-28,1,4953,567,1,0,0,1,2,1,4056,0,1,1,11,2023,48,4991.0,4962.428571428572,5010.929703022251
2023-11-30,1,5030,570,1,0,0,0,2,1,3491,0,0,3,11,2023,48,4953.0,4965.285714285715,5000.286650130525
2023-12-03,1,4983,604,1,0,0,0,2,2,1320,0,0,6,12,2023,48,5030.0,4972.0,4998.087817294872
2023-12-04,1,4938,622,1,1,0,0,1,0,3281,0,-1,0,12,2023,49,4983.0,4979.571428571428,4995.332004759762
2023-12-05,1,5068,572,1,1,0,1,0,0,2756,1,-1,1,12,2023,49,4938.0,4989.0,5013.200594258598
2023-12-07,1,5093,565,1,0,0,0,3,1,1868,0,-1,3,12,2023,49,5068.0,5008.0,5002.41654333518
2023-12-08,1,5011,627,1,1,0,0,1,2,2294,0,1,4,12,2023,49,5093.0,5010.857142857143,4997.632377472101
2023-12-08,1,5142,555,1,1,0,0,0,0,4833,1,2,4,12,2023,49,5011.0,5037.857142857143,4992.715452293736
2023-12-09,1,5022,601,1,0,0,1,3,0,3092,1,1,5,12,2023,49,5142.0,5036.714285714285,5016.767862136447
2023-12-09,1,5014,591,1,0,1,0,0,2,4453,0,2,5,12,2023,49,5022.0,5041.142857142857,4998.05781830004
2023-12-11,1,4949,579,1,0,0,0,0,1,404,0,2,0,12,2023,50,5014.0,5042.714285714285,4995.1247817934745
2023-12-11,1,5055,603,1,1,0,0,1,2,3176,0,1,0,12,2023,50,4949.0,5040.857142857143,4996.615162871905
2023-12-11,1,5059,585,1,1,0,0,2,1,1879,0,-1,0,12,2023,50,5055.0,5036.0,5001.529466669384
2023-12-11,1,4948,651,1,0,1,0,0,2,1586,0,1,0,12,2023,50,5059.0,5027.0,4998.8680073567775
2023-12-11,1,4934,594,1,0,0,0,3,0,3158,0,2,0,12,2023,50,4948.0,4997.285714285715,4992.3973021235615
2023-12-12,1,5016,610,1,1,0,0,3,1,3088,0,0,1,12,2023,50,4934.0,4996.428571428572,5000.59712524917
2023-12-12,1,4955,586,1,0,1,0,3,0,3304,0,-1,1,12,2023,50,5016.0,4988.0,4997.647673945403
2023-12-14,1,4888,591,1,1,0,0,1,0,2722,0,0,3,12,2023,50,4955.0,4979.285714285715,4994.122406272907
2023-12-14,1,4874,610,1,0,0,0,0,1,4907,1,2,3,12,2023,50,4888.0,4953.428571428572,4997.567092376677
2023-12-15,1,4931,584,1,0,2,0,2,1,1259,0,1,4,12,2023,50,4874.0,4935.142857142857,5003.158701640769
2023-12-16,1,5024,591,1,0,0,0,2,2,3577,0,-1,5,12,2023,50,4931.0,4946.0,4998.764864118307
2023-12-16,1,5080,585,1,0,0,0,2,1,3679,0,2,5,12,2023,50,5024.0,4966.857142857143,4993.539011284234
2023-12-18,1,5000,539,1,0,0,0,2,2,625,0,-1,0,12,2023,51,5080.0,4964.571428571428,4999.696575722844
2023-12-18,1,4936,629,1,0,0,0,0,2,4761,1,1,0,12,2023,51,5000.0,4961.857142857143,4997.544982727054
2023-12-19,1,4961,595,1,0,0,0,3,0,912,1,1,1,12,2023,51,4936.0,4972.285714285715,4993.941224794733
2023-12-19,1,5045,599,1,0,0,1,1,1,2258,0,2,1,12,2023,51,4961.0,4996.714285714285,5015.338076441797
2023-12-19,1,4832,610,1,1,0,0,2,0,3899,0,-1,1,12,2023,51,5045.0,4982.571428571428,5003.001811857271
2023-12-20,1,5041,606,1,0,0,0,0,2,3881,0,-1,2,12,2023,51,4832.0,4985.0,4998.014498145707
2023-12-20,1,5013,609,1,0,1,0,0,0,1880,0,2,2,12,2023,51,5041.0,4975.428571428572,4991.726219575262
2023-12-20,1,5105,614,1,1,0,0,0,1,2893,0,2,2,12,2023,51,5013.0,4990.428571428572,4999.258568675536
2023-12-21,1,4946,592,1,0,0,0,3,1,3205,1,1,3,12,2023,51,5105.0,4991.857142857143,4996.494047472764
2023-12-21,1,5053,590,1,0,1,0,1,1,4663,1,1,3,12,2023,51,4946.0,5005.0,4992.317914281739
2023-12-24,1,5017,565,1,0,0,0,2,0,854,1,2,6,12,2023,51,5053.0,5001.0,4995.795388830447
2023-12-24,1,4960,581,1,0,0,0,3,2,2027,0,1,6,12,2023,51,5017.0,5019.285714285715,5003.530208474243
2023-12-25,1,5057,620,1,1,0,0,3,2,2039,0,1,0,12,2023,52,4960.0,5021.571428571428,4997.3839522227045
2023-12-25,1,4926,586,1,1,0,0,3,1,2105,0,-1,0,12,2023,52,5057.0,5009.142857142857,4992.782579842125
2023-12-26,1,5048,587,1,0,3,1,1,0,693,0,-1,1,12,2023,52,4926.0,5001.0,5016.951154448964
2023-12-26,1,4954,619,1,0,0,0,2,0,4299,1,-1,1,12,2023,52,5048.0,5002.142857142857,4996.275684128142
2023-12-27,1,5006,612,1,1,0,0,2,2,4765,0,-1,2,12,2023,52,4954.0,4995.428571428572,4990.960948501596
2023-12-28,1,5010,583,1,0,0,0,2,1,4782,1,-1,3,12,2023,52,5006.0,4994.428571428572,4996.298468453555
2023-12-28,1,5040,630,1,0,0,0,3,1,3197,0,-1,3,12,2023,52,5010.0,5005.857142857143,5001.137764193127
2023-12-29,1,4934,593,1,1,0,0,3,0,4924,0,-1,4,12,2023,52,5040.0,4988.285714285715,4997.363157423911
2023-12-30,1,5034,599,1,1,0,0,0,2,1667,0,2,5,12,2023,52,4934.0,5003.714285714285,4993.88855597054
2023-12-30,1,5036,593,1,0,0,0,1,2,2411,0,1,5,12,2023,52,5034.0,5002.0,5000.762439773076
2023-12-31,1,4900,624,1,0,0,1,2,2,1784,1,-1,6,12,2023,52,5036.0,4994.285714285715,5012.924367729462
2023-12-31,1,5021,629,1,0,0,0,3,1,2445,1,1,6,12,2023,52,4900.0,4996.428571428572,4992.580033374807
